date,store_id,product_id,stock_quantity
2026-06-01,S001,P001,86
2026-06-01,S001,P002,56
2026-06-01,S001,P003,48
2026-06-01,S001,P004,94
2026-06-01,S001,P014,66
2026-06-01,S001,P015,63
2026-06-01,S001,P005,58
2026-06-01,S001,P006,54
2026-06-01,S001,P007,92
2026-06-01,S001,P008,426
2026-06-01,S001,P016,85
2026-06-01,S001,P009,91
2026-06-01,S001,P010,101
2026-06-01,S001,P011,79
2026-06-01,S001,P012,51
2026-06-01,S001,P017,83
2026-06-01,S001,P013,75
2026-06-01,S001,P018,47
2026-06-01,S001,P020,44
2026-06-01,S001,P021,99
2026-06-01,S001,P022,58
2026-06-01,S001,P019,62
2026-06-01,S001,P023,80
2026-06-01,S001,P024,82
2026-06-01,S001,P025,48
2026-06-01,S001,P026,81
2026-06-01,S001,P027,59
2026-06-01,S001,P028,90
2026-06-01,S001,P029,86
2026-06-01,S001,P030,93
2026-06-01,S001,P031,83
2026-06-01,S001,P032,73
2026-06-01,S002,P001,62
2026-06-01,S002,P002,76
2026-06-01,S002,P003,84
2026-06-01,S002,P004,66
2026-06-01,S002,P014,98
2026-06-01,S002,P015,103
2026-06-01,S002,P005,45
2026-06-01,S002,P006,95
2026-06-01,S002,P007,93
2026-06-01,S002,P008,101
2026-06-01,S002,P016,91
2026-06-01,S002,P009,75
2026-06-01,S002,P010,66
2026-06-01,S002,P011,60
2026-06-01,S002,P012,53
2026-06-01,S002,P017,57
2026-06-01,S002,P013,98
2026-06-01,S002,P018,65
2026-06-01,S002,P020,48
2026-06-01,S002,P021,101
2026-06-01,S002,P022,69
2026-06-01,S002,P019,48
2026-06-01,S002,P023,66
2026-06-01,S002,P024,103
2026-06-01,S002,P025,71
2026-06-01,S002,P026,86
2026-06-01,S002,P027,65
2026-06-01,S002,P028,101
2026-06-01,S002,P029,50
2026-06-01,S002,P030,93
2026-06-01,S002,P031,78
2026-06-01,S002,P032,78
2026-06-01,S003,P001,56
2026-06-01,S003,P002,108
2026-06-01,S003,P003,74
2026-06-01,S003,P004,51
2026-06-01,S003,P014,85
2026-06-01,S003,P015,67
2026-06-01,S003,P005,96
2026-06-01,S003,P006,87
2026-06-01,S003,P007,88
2026-06-01,S003,P008,103
2026-06-01,S003,P016,102
2026-06-01,S003,P009,69
2026-06-01,S003,P010,81
2026-06-01,S003,P011,60
2026-06-01,S003,P012,87
2026-06-01,S003,P017,51
2026-06-01,S003,P013,51
2026-06-01,S003,P018,90
2026-06-01,S003,P020,62
2026-06-01,S003,P021,97
2026-06-01,S003,P022,62
2026-06-01,S003,P019,51
2026-06-01,S003,P023,100
2026-06-01,S003,P024,62
2026-06-01,S003,P025,101
2026-06-01,S003,P026,55
2026-06-01,S003,P027,35
2026-06-01,S003,P028,66
2026-06-01,S003,P029,74
2026-06-01,S003,P030,88
2026-06-01,S003,P031,100
2026-06-01,S003,P032,72
2026-06-02,S001,P001,83
2026-06-02,S001,P002,55
2026-06-02,S001,P003,45
2026-06-02,S001,P004,93
2026-06-02,S001,P014,64
2026-06-02,S001,P015,63
2026-06-02,S001,P005,49
2026-06-02,S001,P006,49
2026-06-02,S001,P007,89
2026-06-02,S001,P008,419
2026-06-02,S001,P016,82
2026-06-02,S001,P009,82
2026-06-02,S001,P010,94
2026-06-02,S001,P011,73
2026-06-02,S001,P012,84
2026-06-02,S001,P017,80
2026-06-02,S001,P013,70
2026-06-02,S001,P018,41
2026-06-02,S001,P020,34
2026-06-02,S001,P021,93
2026-06-02,S001,P022,49
2026-06-02,S001,P019,62
2026-06-02,S001,P023,76
2026-06-02,S001,P024,82
2026-06-02,S001,P025,45
2026-06-02,S001,P026,76
2026-06-02,S001,P027,54
2026-06-02,S001,P028,85
2026-06-02,S001,P029,85
2026-06-02,S001,P030,92
2026-06-02,S001,P031,81
2026-06-02,S001,P032,69
2026-06-02,S002,P001,61
2026-06-02,S002,P002,75
2026-06-02,S002,P003,83
2026-06-02,S002,P004,66
2026-06-02,S002,P014,96
2026-06-02,S002,P015,101
2026-06-02,S002,P005,40
2026-06-02,S002,P006,91
2026-06-02,S002,P007,87
2026-06-02,S002,P008,96
2026-06-02,S002,P016,87
2026-06-02,S002,P009,74
2026-06-02,S002,P010,62
2026-06-02,S002,P011,54
2026-06-02,S002,P012,50
2026-06-02,S002,P017,51
2026-06-02,S002,P013,96
2026-06-02,S002,P018,63
2026-06-02,S002,P020,45
2026-06-02,S002,P021,96
2026-06-02,S002,P022,67
2026-06-02,S002,P019,43
2026-06-02,S002,P023,64
2026-06-02,S002,P024,102
2026-06-02,S002,P025,68
2026-06-02,S002,P026,84
2026-06-02,S002,P027,64
2026-06-02,S002,P028,99
2026-06-02,S002,P029,45
2026-06-02,S002,P030,88
2026-06-02,S002,P031,75
2026-06-02,S002,P032,75
2026-06-02,S003,P001,55
2026-06-02,S003,P002,108
2026-06-02,S003,P003,74
2026-06-02,S003,P004,48
2026-06-02,S003,P014,82
2026-06-02,S003,P015,66
2026-06-02,S003,P005,91
2026-06-02,S003,P006,81
2026-06-02,S003,P007,82
2026-06-02,S003,P008,100
2026-06-02,S003,P016,97
2026-06-02,S003,P009,65
2026-06-02,S003,P010,75
2026-06-02,S003,P011,56
2026-06-02,S003,P012,82
2026-06-02,S003,P017,48
2026-06-02,S003,P013,47
2026-06-02,S003,P018,84
2026-06-02,S003,P020,57
2026-06-02,S003,P021,95
2026-06-02,S003,P022,60
2026-06-02,S003,P019,49
2026-06-02,S003,P023,98
2026-06-02,S003,P024,60
2026-06-02,S003,P025,100
2026-06-02,S003,P026,54
2026-06-02,S003,P027,35
2026-06-02,S003,P028,63
2026-06-02,S003,P029,73
2026-06-02,S003,P030,85
2026-06-02,S003,P031,99
2026-06-02,S003,P032,69
2026-06-03,S001,P001,80
2026-06-03,S001,P002,54
2026-06-03,S001,P003,41
2026-06-03,S001,P004,91
2026-06-03,S001,P014,63
2026-06-03,S001,P015,60
2026-06-03,S001,P005,46
2026-06-03,S001,P006,45
2026-06-03,S001,P007,86
2026-06-03,S001,P008,415
2026-06-03,S001,P016,74
2026-06-03,S001,P009,81
2026-06-03,S001,P010,92
2026-06-03,S001,P011,65
2026-06-03,S001,P012,77
2026-06-03,S001,P017,74
2026-06-03,S001,P013,67
2026-06-03,S001,P018,36
2026-06-03,S001,P020,30
2026-06-03,S001,P021,90
2026-06-03,S001,P022,43
2026-06-03,S001,P019,58
2026-06-03,S001,P023,74
2026-06-03,S001,P024,79
2026-06-03,S001,P025,42
2026-06-03,S001,P026,71
2026-06-03,S001,P027,52
2026-06-03,S001,P028,81
2026-06-03,S001,P029,83
2026-06-03,S001,P030,86
2026-06-03,S001,P031,79
2026-06-03,S001,P032,65
2026-06-03,S002,P001,56
2026-06-03,S002,P002,73
2026-06-03,S002,P003,80
2026-06-03,S002,P004,64
2026-06-03,S002,P014,94
2026-06-03,S002,P015,96
2026-06-03,S002,P005,35
2026-06-03,S002,P006,89
2026-06-03,S002,P007,83
2026-06-03,S002,P008,89
2026-06-03,S002,P016,82
2026-06-03,S002,P009,64
2026-06-03,S002,P010,58
2026-06-03,S002,P011,52
2026-06-03,S002,P012,47
2026-06-03,S002,P017,46
2026-06-03,S002,P013,90
2026-06-03,S002,P018,58
2026-06-03,S002,P020,42
2026-06-03,S002,P021,91
2026-06-03,S002,P022,63
2026-06-03,S002,P019,40
2026-06-03,S002,P023,63
2026-06-03,S002,P024,100
2026-06-03,S002,P025,62
2026-06-03,S002,P026,82
2026-06-03,S002,P027,62
2026-06-03,S002,P028,97
2026-06-03,S002,P029,101
2026-06-03,S002,P030,83
2026-06-03,S002,P031,67
2026-06-03,S002,P032,73
2026-06-03,S003,P001,54
2026-06-03,S003,P002,106
2026-06-03,S003,P003,71
2026-06-03,S003,P004,47
2026-06-03,S003,P014,80
2026-06-03,S003,P015,63
2026-06-03,S003,P005,85
2026-06-03,S003,P006,78
2026-06-03,S003,P007,79
2026-06-03,S003,P008,94
2026-06-03,S003,P016,95
2026-06-03,S003,P009,60
2026-06-03,S003,P010,69
2026-06-03,S003,P011,53
2026-06-03,S003,P012,76
2026-06-03,S003,P017,43
2026-06-03,S003,P013,47
2026-06-03,S003,P018,79
2026-06-03,S003,P020,51
2026-06-03,S003,P021,95
2026-06-03,S003,P022,56
2026-06-03,S003,P019,48
2026-06-03,S003,P023,97
2026-06-03,S003,P024,59
2026-06-03,S003,P025,97
2026-06-03,S003,P026,53
2026-06-03,S003,P027,35
2026-06-03,S003,P028,63
2026-06-03,S003,P029,70
2026-06-03,S003,P030,82
2026-06-03,S003,P031,98
2026-06-03,S003,P032,67
2026-06-04,S001,P001,76
2026-06-04,S001,P002,52
2026-06-04,S001,P003,40
2026-06-04,S001,P004,91
2026-06-04,S001,P014,62
2026-06-04,S001,P015,57
2026-06-04,S001,P005,42
2026-06-04,S001,P006,36
2026-06-04,S001,P007,78
2026-06-04,S001,P008,412
2026-06-04,S001,P016,66
2026-06-04,S001,P009,75
2026-06-04,S001,P010,83
2026-06-04,S001,P011,54
2026-06-04,S001,P012,70
2026-06-04,S001,P017,66
2026-06-04,S001,P013,63
2026-06-04,S001,P018,31
2026-06-04,S001,P020,28
2026-06-04,S001,P021,85
2026-06-04,S001,P022,40
2026-06-04,S001,P019,51
2026-06-04,S001,P023,73
2026-06-04,S001,P024,78
2026-06-04,S001,P025,41
2026-06-04,S001,P026,68
2026-06-04,S001,P027,51
2026-06-04,S001,P028,78
2026-06-04,S001,P029,76
2026-06-04,S001,P030,86
2026-06-04,S001,P031,76
2026-06-04,S001,P032,62
2026-06-04,S002,P001,55
2026-06-04,S002,P002,68
2026-06-04,S002,P003,78
2026-06-04,S002,P004,61
2026-06-04,S002,P014,91
2026-06-04,S002,P015,94
2026-06-04,S002,P005,72
2026-06-04,S002,P006,84
2026-06-04,S002,P007,78
2026-06-04,S002,P008,86
2026-06-04,S002,P016,74
2026-06-04,S002,P009,57
2026-06-04,S002,P010,55
2026-06-04,S002,P011,51
2026-06-04,S002,P012,42
2026-06-04,S002,P017,43
2026-06-04,S002,P013,86
2026-06-04,S002,P018,55
2026-06-04,S002,P020,40
2026-06-04,S002,P021,88
2026-06-04,S002,P022,58
2026-06-04,S002,P019,34
2026-06-04,S002,P023,59
2026-06-04,S002,P024,98
2026-06-04,S002,P025,59
2026-06-04,S002,P026,79
2026-06-04,S002,P027,59
2026-06-04,S002,P028,97
2026-06-04,S002,P029,98
2026-06-04,S002,P030,79
2026-06-04,S002,P031,63
2026-06-04,S002,P032,71
2026-06-04,S003,P001,52
2026-06-04,S003,P002,106
2026-06-04,S003,P003,71
2026-06-04,S003,P004,46
2026-06-04,S003,P014,79
2026-06-04,S003,P015,62
2026-06-04,S003,P005,82
2026-06-04,S003,P006,72
2026-06-04,S003,P007,74
2026-06-04,S003,P008,90
2026-06-04,S003,P016,91
2026-06-04,S003,P009,55
2026-06-04,S003,P010,63
2026-06-04,S003,P011,48
2026-06-04,S003,P012,73
2026-06-04,S003,P017,37
2026-06-04,S003,P013,41
2026-06-04,S003,P018,73
2026-06-04,S003,P020,50
2026-06-04,S003,P021,93
2026-06-04,S003,P022,50
2026-06-04,S003,P019,46
2026-06-04,S003,P023,95
2026-06-04,S003,P024,58
2026-06-04,S003,P025,97
2026-06-04,S003,P026,51
2026-06-04,S003,P027,35
2026-06-04,S003,P028,60
2026-06-04,S003,P029,69
2026-06-04,S003,P030,80
2026-06-04,S003,P031,96
2026-06-04,S003,P032,65
2026-06-05,S001,P001,75
2026-06-05,S001,P002,49
2026-06-05,S001,P003,38
2026-06-05,S001,P004,90
2026-06-05,S001,P014,58
2026-06-05,S001,P015,54
2026-06-05,S001,P005,34
2026-06-05,S001,P006,33
2026-06-05,S001,P007,74
2026-06-05,S001,P008,407
2026-06-05,S001,P016,61
2026-06-05,S001,P009,65
2026-06-05,S001,P010,77
2026-06-05,S001,P011,47
2026-06-05,S001,P012,66
2026-06-05,S001,P017,63
2026-06-05,S001,P013,56
2026-06-05,S001,P018,29
2026-06-05,S001,P020,26
2026-06-05,S001,P021,81
2026-06-05,S001,P022,38
2026-06-05,S001,P019,47
2026-06-05,S001,P023,65
2026-06-05,S001,P024,77
2026-06-05,S001,P025,38
2026-06-05,S001,P026,64
2026-06-05,S001,P027,47
2026-06-05,S001,P028,70
2026-06-05,S001,P029,71
2026-06-05,S001,P030,85
2026-06-05,S001,P031,70
2026-06-05,S001,P032,56
2026-06-05,S002,P001,54
2026-06-05,S002,P002,67
2026-06-05,S002,P003,75
2026-06-05,S002,P004,59
2026-06-05,S002,P014,87
2026-06-05,S002,P015,92
2026-06-05,S002,P005,69
2026-06-05,S002,P006,80
2026-06-05,S002,P007,69
2026-06-05,S002,P008,86
2026-06-05,S002,P016,69
2026-06-05,S002,P009,52
2026-06-05,S002,P010,50
2026-06-05,S002,P011,46
2026-06-05,S002,P012,100
2026-06-05,S002,P017,34
2026-06-05,S002,P013,81
2026-06-05,S002,P018,53
2026-06-05,S002,P020,40
2026-06-05,S002,P021,83
2026-06-05,S002,P022,53
2026-06-05,S002,P019,32
2026-06-05,S002,P023,54
2026-06-05,S002,P024,96
2026-06-05,S002,P025,57
2026-06-05,S002,P026,79
2026-06-05,S002,P027,57
2026-06-05,S002,P028,94
2026-06-05,S002,P029,96
2026-06-05,S002,P030,78
2026-06-05,S002,P031,62
2026-06-05,S002,P032,69
2026-06-05,S003,P001,50
2026-06-05,S003,P002,102
2026-06-05,S003,P003,70
2026-06-05,S003,P004,44
2026-06-05,S003,P014,78
2026-06-05,S003,P015,59
2026-06-05,S003,P005,80
2026-06-05,S003,P006,68
2026-06-05,S003,P007,71
2026-06-05,S003,P008,86
2026-06-05,S003,P016,85
2026-06-05,S003,P009,52
2026-06-05,S003,P010,60
2026-06-05,S003,P011,46
2026-06-05,S003,P012,67
2026-06-05,S003,P017,34
2026-06-05,S003,P013,40
2026-06-05,S003,P018,70
2026-06-05,S003,P020,45
2026-06-05,S003,P021,89
2026-06-05,S003,P022,46
2026-06-05,S003,P019,41
2026-06-05,S003,P023,93
2026-06-05,S003,P024,56
2026-06-05,S003,P025,96
2026-06-05,S003,P026,50
2026-06-05,S003,P027,35
2026-06-05,S003,P028,53
2026-06-05,S003,P029,67
2026-06-05,S003,P030,79
2026-06-05,S003,P031,92
2026-06-05,S003,P032,61
2026-06-06,S001,P001,71
2026-06-06,S001,P002,45
2026-06-06,S001,P003,34
2026-06-06,S001,P004,86
2026-06-06,S001,P014,53
2026-06-06,S001,P015,51
2026-06-06,S001,P005,94
2026-06-06,S001,P006,22
2026-06-06,S001,P007,66
2026-06-06,S001,P008,404
2026-06-06,S001,P016,51
2026-06-06,S001,P009,59
2026-06-06,S001,P010,69
2026-06-06,S001,P011,40
2026-06-06,S001,P012,58
2026-06-06,S001,P017,46
2026-06-06,S001,P013,48
2026-06-06,S001,P018,86
2026-06-06,S001,P020,24
2026-06-06,S001,P021,75
2026-06-06,S001,P022,36
2026-06-06,S001,P019,46
2026-06-06,S001,P023,61
2026-06-06,S001,P024,74
2026-06-06,S001,P025,35
2026-06-06,S001,P026,59
2026-06-06,S001,P027,41
2026-06-06,S001,P028,67
2026-06-06,S001,P029,69
2026-06-06,S001,P030,82
2026-06-06,S001,P031,67
2026-06-06,S001,P032,53
2026-06-06,S002,P001,50
2026-06-06,S002,P002,66
2026-06-06,S002,P003,70
2026-06-06,S002,P004,58
2026-06-06,S002,P014,85
2026-06-06,S002,P015,90
2026-06-06,S002,P005,65
2026-06-06,S002,P006,66
2026-06-06,S002,P007,61
2026-06-06,S002,P008,82
2026-06-06,S002,P016,63
2026-06-06,S002,P009,45
2026-06-06,S002,P010,46
2026-06-06,S002,P011,43
2026-06-06,S002,P012,89
2026-06-06,S002,P017,26
2026-06-06,S002,P013,77
2026-06-06,S002,P018,51
2026-06-06,S002,P020,35
2026-06-06,S002,P021,75
2026-06-06,S002,P022,51
2026-06-06,S002,P019,85
2026-06-06,S002,P023,51
2026-06-06,S002,P024,91
2026-06-06,S002,P025,53
2026-06-06,S002,P026,72
2026-06-06,S002,P027,52
2026-06-06,S002,P028,90
2026-06-06,S002,P029,91
2026-06-06,S002,P030,74
2026-06-06,S002,P031,58
2026-06-06,S002,P032,68
2026-06-06,S003,P001,46
2026-06-06,S003,P002,99
2026-06-06,S003,P003,64
2026-06-06,S003,P004,43
2026-06-06,S003,P014,76
2026-06-06,S003,P015,58
2026-06-06,S003,P005,74
2026-06-06,S003,P006,64
2026-06-06,S003,P007,65
2026-06-06,S003,P008,78
2026-06-06,S003,P016,79
2026-06-06,S003,P009,45
2026-06-06,S003,P010,55
2026-06-06,S003,P011,43
2026-06-06,S003,P012,63
2026-06-06,S003,P017,33
2026-06-06,S003,P013,37
2026-06-06,S003,P018,64
2026-06-06,S003,P020,40
2026-06-06,S003,P021,86
2026-06-06,S003,P022,39
2026-06-06,S003,P019,39
2026-06-06,S003,P023,93
2026-06-06,S003,P024,52
2026-06-06,S003,P025,94
2026-06-06,S003,P026,50
2026-06-06,S003,P027,35
2026-06-06,S003,P028,48
2026-06-06,S003,P029,63
2026-06-06,S003,P030,77
2026-06-06,S003,P031,87
2026-06-06,S003,P032,58
2026-06-07,S001,P001,69
2026-06-07,S001,P002,44
2026-06-07,S001,P003,32
2026-06-07,S001,P004,84
2026-06-07,S001,P014,50
2026-06-07,S001,P015,46
2026-06-07,S001,P005,87
2026-06-07,S001,P006,59
2026-06-07,S001,P007,64
2026-06-07,S001,P008,399
2026-06-07,S001,P016,45
2026-06-07,S001,P009,48
2026-06-07,S001,P010,62
2026-06-07,S001,P011,30
2026-06-07,S001,P012,54
2026-06-07,S001,P017,37
2026-06-07,S001,P013,45
2026-06-07,S001,P018,80
2026-06-07,S001,P020,73
2026-06-07,S001,P021,64
2026-06-07,S001,P022,89
2026-06-07,S001,P019,46
2026-06-07,S001,P023,61
2026-06-07,S001,P024,70
2026-06-07,S001,P025,31
2026-06-07,S001,P026,58
2026-06-07,S001,P027,37
2026-06-07,S001,P028,63
2026-06-07,S001,P029,61
2026-06-07,S001,P030,78
2026-06-07,S001,P031,65
2026-06-07,S001,P032,52
2026-06-07,S002,P001,46
2026-06-07,S002,P002,63
2026-06-07,S002,P003,65
2026-06-07,S002,P004,56
2026-06-07,S002,P014,83
2026-06-07,S002,P015,88
2026-06-07,S002,P005,56
2026-06-07,S002,P006,61
2026-06-07,S002,P007,59
2026-06-07,S002,P008,77
2026-06-07,S002,P016,61
2026-06-07,S002,P009,34
2026-06-07,S002,P010,36
2026-06-07,S002,P011,38
2026-06-07,S002,P012,82
2026-06-07,S002,P017,59
2026-06-07,S002,P013,68
2026-06-07,S002,P018,48
2026-06-07,S002,P020,33
2026-06-07,S002,P021,68
2026-06-07,S002,P022,44
2026-06-07,S002,P019,82
2026-06-07,S002,P023,44
2026-06-07,S002,P024,91
2026-06-07,S002,P025,51
2026-06-07,S002,P026,70
2026-06-07,S002,P027,48
2026-06-07,S002,P028,86
2026-06-07,S002,P029,90
2026-06-07,S002,P030,69
2026-06-07,S002,P031,56
2026-06-07,S002,P032,65
2026-06-07,S003,P001,45
2026-06-07,S003,P002,98
2026-06-07,S003,P003,61
2026-06-07,S003,P004,41
2026-06-07,S003,P014,75
2026-06-07,S003,P015,57
2026-06-07,S003,P005,70
2026-06-07,S003,P006,58
2026-06-07,S003,P007,62
2026-06-07,S003,P008,71
2026-06-07,S003,P016,71
2026-06-07,S003,P009,43
2026-06-07,S003,P010,48
2026-06-07,S003,P011,41
2026-06-07,S003,P012,57
2026-06-07,S003,P017,27
2026-06-07,S003,P013,35
2026-06-07,S003,P018,62
2026-06-07,S003,P020,39
2026-06-07,S003,P021,82
2026-06-07,S003,P022,86
2026-06-07,S003,P019,38
2026-06-07,S003,P023,89
2026-06-07,S003,P024,47
2026-06-07,S003,P025,89
2026-06-07,S003,P026,47
2026-06-07,S003,P027,35
2026-06-07,S003,P028,46
2026-06-07,S003,P029,60
2026-06-07,S003,P030,74
2026-06-07,S003,P031,86
2026-06-07,S003,P032,53
2026-06-08,S001,P001,68
2026-06-08,S001,P002,42
2026-06-08,S001,P003,25
2026-06-08,S001,P004,80
2026-06-08,S001,P014,47
2026-06-08,S001,P015,40
2026-06-08,S001,P005,82
2026-06-08,S001,P006,58
2026-06-08,S001,P007,59
2026-06-08,S001,P008,395
2026-06-08,S001,P016,41
2026-06-08,S001,P009,41
2026-06-08,S001,P010,53
2026-06-08,S001,P011,88
2026-06-08,S001,P012,49
2026-06-08,S001,P017,31
2026-06-08,S001,P013,45
2026-06-08,S001,P018,71
2026-06-08,S001,P020,69
2026-06-08,S001,P021,61
2026-06-08,S001,P022,85
2026-06-08,S001,P019,44
2026-06-08,S001,P023,56
2026-06-08,S001,P024,68
2026-06-08,S001,P025,26
2026-06-08,S001,P026,55
2026-06-08,S001,P027,34
2026-06-08,S001,P028,57
2026-06-08,S001,P029,57
2026-06-08,S001,P030,69
2026-06-08,S001,P031,62
2026-06-08,S001,P032,50
2026-06-08,S002,P001,43
2026-06-08,S002,P002,63
2026-06-08,S002,P003,62
2026-06-08,S002,P004,54
2026-06-08,S002,P014,79
2026-06-08,S002,P015,87
2026-06-08,S002,P005,49
2026-06-08,S002,P006,57
2026-06-08,S002,P007,56
2026-06-08,S002,P008,74
2026-06-08,S002,P016,52
2026-06-08,S002,P009,74
2026-06-08,S002,P010,34
2026-06-08,S002,P011,36
2026-06-08,S002,P012,78
2026-06-08,S002,P017,53
2026-06-08,S002,P013,60
2026-06-08,S002,P018,43
2026-06-08,S002,P020,26
2026-06-08,S002,P021,63
2026-06-08,S002,P022,39
2026-06-08,S002,P019,78
2026-06-08,S002,P023,41
2026-06-08,S002,P024,84
2026-06-08,S002,P025,50
2026-06-08,S002,P026,66
2026-06-08,S002,P027,47
2026-06-08,S002,P028,86
2026-06-08,S002,P029,89
2026-06-08,S002,P030,64
2026-06-08,S002,P031,53
2026-06-08,S002,P032,63
2026-06-08,S003,P001,41
2026-06-08,S003,P002,98
2026-06-08,S003,P003,60
2026-06-08,S003,P004,37
2026-06-08,S003,P014,74
2026-06-08,S003,P015,57
2026-06-08,S003,P005,67
2026-06-08,S003,P006,53
2026-06-08,S003,P007,58
2026-06-08,S003,P008,69
2026-06-08,S003,P016,69
2026-06-08,S003,P009,39
2026-06-08,S003,P010,46
2026-06-08,S003,P011,36
2026-06-08,S003,P012,54
2026-06-08,S003,P017,24
2026-06-08,S003,P013,75
2026-06-08,S003,P018,56
2026-06-08,S003,P020,36
2026-06-08,S003,P021,77
2026-06-08,S003,P022,84
2026-06-08,S003,P019,36
2026-06-08,S003,P023,86
2026-06-08,S003,P024,45
2026-06-08,S003,P025,88
2026-06-08,S003,P026,46
2026-06-08,S003,P027,35
2026-06-08,S003,P028,45
2026-06-08,S003,P029,58
2026-06-08,S003,P030,71
2026-06-08,S003,P031,83
2026-06-08,S003,P032,50
2026-06-09,S001,P001,66
2026-06-09,S001,P002,40
2026-06-09,S001,P003,25
2026-06-09,S001,P004,76
2026-06-09,S001,P014,45
2026-06-09,S001,P015,38
2026-06-09,S001,P005,75
2026-06-09,S001,P006,50
2026-06-09,S001,P007,52
2026-06-09,S001,P008,393
2026-06-09,S001,P016,38
2026-06-09,S001,P009,38
2026-06-09,S001,P010,46
2026-06-09,S001,P011,82
2026-06-09,S001,P012,45
2026-06-09,S001,P017,26
2026-06-09,S001,P013,37
2026-06-09,S001,P018,70
2026-06-09,S001,P020,63
2026-06-09,S001,P021,110
2026-06-09,S001,P022,82
2026-06-09,S001,P019,42
2026-06-09,S001,P023,52
2026-06-09,S001,P024,61
2026-06-09,S001,P025,26
2026-06-09,S001,P026,52
2026-06-09,S001,P027,28
2026-06-09,S001,P028,55
2026-06-09,S001,P029,53
2026-06-09,S001,P030,65
2026-06-09,S001,P031,59
2026-06-09,S001,P032,42
2026-06-09,S002,P001,43
2026-06-09,S002,P002,61
2026-06-09,S002,P003,60
2026-06-09,S002,P004,52
2026-06-09,S002,P014,77
2026-06-09,S002,P015,85
2026-06-09,S002,P005,43
2026-06-09,S002,P006,53
2026-06-09,S002,P007,51
2026-06-09,S002,P008,67
2026-06-09,S002,P016,49
2026-06-09,S002,P009,67
2026-06-09,S002,P010,29
2026-06-09,S002,P011,29
2026-06-09,S002,P012,73
2026-06-09,S002,P017,46
2026-06-09,S002,P013,58
2026-06-09,S002,P018,40
2026-06-09,S002,P020,25
2026-06-09,S002,P021,61
2026-06-09,S002,P022,36
2026-06-09,S002,P019,69
2026-06-09,S002,P023,36
2026-06-09,S002,P024,82
2026-06-09,S002,P025,46
2026-06-09,S002,P026,63
2026-06-09,S002,P027,45
2026-06-09,S002,P028,85
2026-06-09,S002,P029,83
2026-06-09,S002,P030,59
2026-06-09,S002,P031,50
2026-06-09,S002,P032,60
2026-06-09,S003,P001,40
2026-06-09,S003,P002,97
2026-06-09,S003,P003,60
2026-06-09,S003,P004,34
2026-06-09,S003,P014,73
2026-06-09,S003,P015,57
2026-06-09,S003,P005,63
2026-06-09,S003,P006,47
2026-06-09,S003,P007,57
2026-06-09,S003,P008,67
2026-06-09,S003,P016,68
2026-06-09,S003,P009,37
2026-06-09,S003,P010,40
2026-06-09,S003,P011,33
2026-06-09,S003,P012,49
2026-06-09,S003,P017,21
2026-06-09,S003,P013,73
2026-06-09,S003,P018,55
2026-06-09,S003,P020,33
2026-06-09,S003,P021,75
2026-06-09,S003,P022,81
2026-06-09,S003,P019,35
2026-06-09,S003,P023,84
2026-06-09,S003,P024,45
2026-06-09,S003,P025,86
2026-06-09,S003,P026,42
2026-06-09,S003,P027,35
2026-06-09,S003,P028,43
2026-06-09,S003,P029,53
2026-06-09,S003,P030,68
2026-06-09,S003,P031,83
2026-06-09,S003,P032,45
2026-06-10,S001,P001,63
2026-06-10,S001,P002,37
2026-06-10,S001,P003,17
2026-06-10,S001,P004,75
2026-06-10,S001,P014,42
2026-06-10,S001,P015,35
2026-06-10,S001,P005,65
2026-06-10,S001,P006,43
2026-06-10,S001,P007,100
2026-06-10,S001,P008,387
2026-06-10,S001,P016,36
2026-06-10,S001,P009,31
2026-06-10,S001,P010,41
2026-06-10,S001,P011,75
2026-06-10,S001,P012,86
2026-06-10,S001,P017,21
2026-06-10,S001,P013,32
2026-06-10,S001,P018,66
2026-06-10,S001,P020,59
2026-06-10,S001,P021,107
2026-06-10,S001,P022,77
2026-06-10,S001,P019,38
2026-06-10,S001,P023,51
2026-06-10,S001,P024,60
2026-06-10,S001,P025,88
2026-06-10,S001,P026,48
2026-06-10,S001,P027,26
2026-06-10,S001,P028,47
2026-06-10,S001,P029,53
2026-06-10,S001,P030,61
2026-06-10,S001,P031,57
2026-06-10,S001,P032,39
2026-06-10,S002,P001,43
2026-06-10,S002,P002,61
2026-06-10,S002,P003,58
2026-06-10,S002,P004,50
2026-06-10,S002,P014,74
2026-06-10,S002,P015,80
2026-06-10,S002,P005,36
2026-06-10,S002,P006,49
2026-06-10,S002,P007,104
2026-06-10,S002,P008,63
2026-06-10,S002,P016,43
2026-06-10,S002,P009,62
2026-06-10,S002,P010,85
2026-06-10,S002,P011,81
2026-06-10,S002,P012,69
2026-06-10,S002,P017,39
2026-06-10,S002,P013,54
2026-06-10,S002,P018,37
2026-06-10,S002,P020,21
2026-06-10,S002,P021,102
2026-06-10,S002,P022,93
2026-06-10,S002,P019,61
2026-06-10,S002,P023,34
2026-06-10,S002,P024,81
2026-06-10,S002,P025,43
2026-06-10,S002,P026,60
2026-06-10,S002,P027,44
2026-06-10,S002,P028,79
2026-06-10,S002,P029,77
2026-06-10,S002,P030,56
2026-06-10,S002,P031,50
2026-06-10,S002,P032,57
2026-06-10,S003,P001,39
2026-06-10,S003,P002,96
2026-06-10,S003,P003,60
2026-06-10,S003,P004,34
2026-06-10,S003,P014,72
2026-06-10,S003,P015,56
2026-06-10,S003,P005,59
2026-06-10,S003,P006,46
2026-06-10,S003,P007,52
2026-06-10,S003,P008,66
2026-06-10,S003,P016,65
2026-06-10,S003,P009,33
2026-06-10,S003,P010,38
2026-06-10,S003,P011,28
2026-06-10,S003,P012,46
2026-06-10,S003,P017,66
2026-06-10,S003,P013,71
2026-06-10,S003,P018,50
2026-06-10,S003,P020,32
2026-06-10,S003,P021,70
2026-06-10,S003,P022,77
2026-06-10,S003,P019,32
2026-06-10,S003,P023,82
2026-06-10,S003,P024,42
2026-06-10,S003,P025,82
2026-06-10,S003,P026,41
2026-06-10,S003,P027,35
2026-06-10,S003,P028,41
2026-06-10,S003,P029,51
2026-06-10,S003,P030,66
2026-06-10,S003,P031,78
2026-06-10,S003,P032,42
2026-06-11,S001,P001,60
2026-06-11,S001,P002,34
2026-06-11,S001,P003,81
2026-06-11,S001,P004,72
2026-06-11,S001,P014,38
2026-06-11,S001,P015,34
2026-06-11,S001,P005,61
2026-06-11,S001,P006,39
2026-06-11,S001,P007,94
2026-06-11,S001,P008,384
2026-06-11,S001,P016,90
2026-06-11,S001,P009,89
2026-06-11,S001,P010,39
2026-06-11,S001,P011,70
2026-06-11,S001,P012,81
2026-06-11,S001,P017,52
2026-06-11,S001,P013,76
2026-06-11,S001,P018,62
2026-06-11,S001,P020,53
2026-06-11,S001,P021,100
2026-06-11,S001,P022,72
2026-06-11,S001,P019,34
2026-06-11,S001,P023,49
2026-06-11,S001,P024,55
2026-06-11,S001,P025,85
2026-06-11,S001,P026,46
2026-06-11,S001,P027,19
2026-06-11,S001,P028,41
2026-06-11,S001,P029,51
2026-06-11,S001,P030,57
2026-06-11,S001,P031,52
2026-06-11,S001,P032,34
2026-06-11,S002,P001,43
2026-06-11,S002,P002,58
2026-06-11,S002,P003,57
2026-06-11,S002,P004,49
2026-06-11,S002,P014,67
2026-06-11,S002,P015,77
2026-06-11,S002,P005,31
2026-06-11,S002,P006,42
2026-06-11,S002,P007,102
2026-06-11,S002,P008,123
2026-06-11,S002,P016,37
2026-06-11,S002,P009,55
2026-06-11,S002,P010,80
2026-06-11,S002,P011,76
2026-06-11,S002,P012,66
2026-06-11,S002,P017,34
2026-06-11,S002,P013,50
2026-06-11,S002,P018,33
2026-06-11,S002,P020,60
2026-06-11,S002,P021,101
2026-06-11,S002,P022,92
2026-06-11,S002,P019,54
2026-06-11,S002,P023,28
2026-06-11,S002,P024,78
2026-06-11,S002,P025,41
2026-06-11,S002,P026,58
2026-06-11,S002,P027,42
2026-06-11,S002,P028,77
2026-06-11,S002,P029,76
2026-06-11,S002,P030,53
2026-06-11,S002,P031,46
2026-06-11,S002,P032,56
2026-06-11,S003,P001,38
2026-06-11,S003,P002,95
2026-06-11,S003,P003,59
2026-06-11,S003,P004,33
2026-06-11,S003,P014,72
2026-06-11,S003,P015,55
2026-06-11,S003,P005,55
2026-06-11,S003,P006,43
2026-06-11,S003,P007,110
2026-06-11,S003,P008,62
2026-06-11,S003,P016,60
2026-06-11,S003,P009,80
2026-06-11,S003,P010,36
2026-06-11,S003,P011,76
2026-06-11,S003,P012,43
2026-06-11,S003,P017,61
2026-06-11,S003,P013,69
2026-06-11,S003,P018,45
2026-06-11,S003,P020,29
2026-06-11,S003,P021,67
2026-06-11,S003,P022,76
2026-06-11,S003,P019,31
2026-06-11,S003,P023,79
2026-06-11,S003,P024,40
2026-06-11,S003,P025,80
2026-06-11,S003,P026,38
2026-06-11,S003,P027,35
2026-06-11,S003,P028,39
2026-06-11,S003,P029,49
2026-06-11,S003,P030,66
2026-06-11,S003,P031,77
2026-06-11,S003,P032,42
2026-06-12,S001,P001,59
2026-06-12,S001,P002,33
2026-06-12,S001,P003,77
2026-06-12,S001,P004,67
2026-06-12,S001,P014,36
2026-06-12,S001,P015,32
2026-06-12,S001,P005,54
2026-06-12,S001,P006,27
2026-06-12,S001,P007,84
2026-06-12,S001,P008,378
2026-06-12,S001,P016,84
2026-06-12,S001,P009,79
2026-06-12,S001,P010,38
2026-06-12,S001,P011,64
2026-06-12,S001,P012,72
2026-06-12,S001,P017,45
2026-06-12,S001,P013,72
2026-06-12,S001,P018,57
2026-06-12,S001,P020,52
2026-06-12,S001,P021,91
2026-06-12,S001,P022,70
2026-06-12,S001,P019,30
2026-06-12,S001,P023,42
2026-06-12,S001,P024,50
2026-06-12,S001,P025,82
2026-06-12,S001,P026,45
2026-06-12,S001,P027,63
2026-06-12,S001,P028,36
2026-06-12,S001,P029,48
2026-06-12,S001,P030,54
2026-06-12,S001,P031,47
2026-06-12,S001,P032,33
2026-06-12,S002,P001,41
2026-06-12,S002,P002,56
2026-06-12,S002,P003,56
2026-06-12,S002,P004,49
2026-06-12,S002,P014,65
2026-06-12,S002,P015,77
2026-06-12,S002,P005,27
2026-06-12,S002,P006,37
2026-06-12,S002,P007,94
2026-06-12,S002,P008,116
2026-06-12,S002,P016,72
2026-06-12,S002,P009,53
2026-06-12,S002,P010,74
2026-06-12,S002,P011,68
2026-06-12,S002,P012,60
2026-06-12,S002,P017,30
2026-06-12,S002,P013,48
2026-06-12,S002,P018,31
2026-06-12,S002,P020,56
2026-06-12,S002,P021,100
2026-06-12,S002,P022,87
2026-06-12,S002,P019,48
2026-06-12,S002,P023,25
2026-06-12,S002,P024,73
2026-06-12,S002,P025,39
2026-06-12,S002,P026,52
2026-06-12,S002,P027,39
2026-06-12,S002,P028,74
2026-06-12,S002,P029,73
2026-06-12,S002,P030,51
2026-06-12,S002,P031,44
2026-06-12,S002,P032,53
2026-06-12,S003,P001,36
2026-06-12,S003,P002,94
2026-06-12,S003,P003,59
2026-06-12,S003,P004,31
2026-06-12,S003,P014,70
2026-06-12,S003,P015,52
2026-06-12,S003,P005,48
2026-06-12,S003,P006,39
2026-06-12,S003,P007,106
2026-06-12,S003,P008,102
2026-06-12,S003,P016,57
2026-06-12,S003,P009,78
2026-06-12,S003,P010,30
2026-06-12,S003,P011,73
2026-06-12,S003,P012,109
2026-06-12,S003,P017,59
2026-06-12,S003,P013,66
2026-06-12,S003,P018,44
2026-06-12,S003,P020,24
2026-06-12,S003,P021,130
2026-06-12,S003,P022,74
2026-06-12,S003,P019,29
2026-06-12,S003,P023,77
2026-06-12,S003,P024,39
2026-06-12,S003,P025,79
2026-06-12,S003,P026,36
2026-06-12,S003,P027,35
2026-06-12,S003,P028,39
2026-06-12,S003,P029,45
2026-06-12,S003,P030,65
2026-06-12,S003,P031,75
2026-06-12,S003,P032,40
2026-06-13,S001,P001,59
2026-06-13,S001,P002,28
2026-06-13,S001,P003,71
2026-06-13,S001,P004,63
2026-06-13,S001,P014,32
2026-06-13,S001,P015,29
2026-06-13,S001,P005,45
2026-06-13,S001,P006,73
2026-06-13,S001,P007,72
2026-06-13,S001,P008,375
2026-06-13,S001,P016,78
2026-06-13,S001,P009,69
2026-06-13,S001,P010,32
2026-06-13,S001,P011,58
2026-06-13,S001,P012,65
2026-06-13,S001,P017,36
2026-06-13,S001,P013,64
2026-06-13,S001,P018,54
2026-06-13,S001,P020,43
2026-06-13,S001,P021,83
2026-06-13,S001,P022,64
2026-06-13,S001,P019,27
2026-06-13,S001,P023,39
2026-06-13,S001,P024,43
2026-06-13,S001,P025,76
2026-06-13,S001,P026,42
2026-06-13,S001,P027,59
2026-06-13,S001,P028,33
2026-06-13,S001,P029,42
2026-06-13,S001,P030,53
2026-06-13,S001,P031,44
2026-06-13,S001,P032,27
2026-06-13,S002,P001,38
2026-06-13,S002,P002,54
2026-06-13,S002,P003,51
2026-06-13,S002,P004,46
2026-06-13,S002,P014,61
2026-06-13,S002,P015,73
2026-06-13,S002,P005,87
2026-06-13,S002,P006,30
2026-06-13,S002,P007,87
2026-06-13,S002,P008,108
2026-06-13,S002,P016,66
2026-06-13,S002,P009,47
2026-06-13,S002,P010,70
2026-06-13,S002,P011,62
2026-06-13,S002,P012,54
2026-06-13,S002,P017,23
2026-06-13,S002,P013,41
2026-06-13,S002,P018,87
2026-06-13,S002,P020,52
2026-06-13,S002,P021,95
2026-06-13,S002,P022,83
2026-06-13,S002,P019,43
2026-06-13,S002,P023,22
2026-06-13,S002,P024,69
2026-06-13,S002,P025,36
2026-06-13,S002,P026,47
2026-06-13,S002,P027,37
2026-06-13,S002,P028,71
2026-06-13,S002,P029,71
2026-06-13,S002,P030,100
2026-06-13,S002,P031,36
2026-06-13,S002,P032,52
2026-06-13,S003,P001,32
2026-06-13,S003,P002,89
2026-06-13,S003,P003,58
2026-06-13,S003,P004,27
2026-06-13,S003,P014,68
2026-06-13,S003,P015,48
2026-06-13,S003,P005,44
2026-06-13,S003,P006,35
2026-06-13,S003,P007,100
2026-06-13,S003,P008,101
2026-06-13,S003,P016,47
2026-06-13,S003,P009,73
2026-06-13,S003,P010,26
2026-06-13,S003,P011,66
2026-06-13,S003,P012,105
2026-06-13,S003,P017,52
2026-06-13,S003,P013,59
2026-06-13,S003,P018,39
2026-06-13,S003,P020,23
2026-06-13,S003,P021,126
2026-06-13,S003,P022,68
2026-06-13,S003,P019,28
2026-06-13,S003,P023,77
2026-06-13,S003,P024,36
2026-06-13,S003,P025,75
2026-06-13,S003,P026,33
2026-06-13,S003,P027,35
2026-06-13,S003,P028,34
2026-06-13,S003,P029,42
2026-06-13,S003,P030,59
2026-06-13,S003,P031,71
2026-06-13,S003,P032,37
2026-06-14,S001,P001,55
2026-06-14,S001,P002,27
2026-06-14,S001,P003,67
2026-06-14,S001,P004,58
2026-06-14,S001,P014,28
2026-06-14,S001,P015,26
2026-06-14,S001,P005,33
2026-06-14,S001,P006,69
2026-06-14,S001,P007,65
2026-06-14,S001,P008,372
2026-06-14,S001,P016,66
2026-06-14,S001,P009,60
2026-06-14,S001,P010,27
2026-06-14,S001,P011,52
2026-06-14,S001,P012,57
2026-06-14,S001,P017,28
2026-06-14,S001,P013,56
2026-06-14,S001,P018,49
2026-06-14,S001,P020,40
2026-06-14,S001,P021,77
2026-06-14,S001,P022,58
2026-06-14,S001,P019,69
2026-06-14,S001,P023,30
2026-06-14,S001,P024,37
2026-06-14,S001,P025,72
2026-06-14,S001,P026,39
2026-06-14,S001,P027,57
2026-06-14,S001,P028,87
2026-06-14,S001,P029,93
2026-06-14,S001,P030,51
2026-06-14,S001,P031,39
2026-06-14,S001,P032,72
2026-06-14,S002,P001,37
2026-06-14,S002,P002,54
2026-06-14,S002,P003,48
2026-06-14,S002,P004,42
2026-06-14,S002,P014,58
2026-06-14,S002,P015,72
2026-06-14,S002,P005,78
2026-06-14,S002,P006,28
2026-06-14,S002,P007,78
2026-06-14,S002,P008,101
2026-06-14,S002,P016,62
2026-06-14,S002,P009,42
2026-06-14,S002,P010,65
2026-06-14,S002,P011,56
2026-06-14,S002,P012,50
2026-06-14,S002,P017,86
2026-06-14,S002,P013,35
2026-06-14,S002,P018,84
2026-06-14,S002,P020,46
2026-06-14,S002,P021,93
2026-06-14,S002,P022,80
2026-06-14,S002,P019,39
2026-06-14,S002,P023,88
2026-06-14,S002,P024,67
2026-06-14,S002,P025,32
2026-06-14,S002,P026,44
2026-06-14,S002,P027,30
2026-06-14,S002,P028,65
2026-06-14,S002,P029,68
2026-06-14,S002,P030,95
2026-06-14,S002,P031,34
2026-06-14,S002,P032,47
2026-06-14,S003,P001,89
2026-06-14,S003,P002,86
2026-06-14,S003,P003,56
2026-06-14,S003,P004,23
2026-06-14,S003,P014,64
2026-06-14,S003,P015,47
2026-06-14,S003,P005,37
2026-06-14,S003,P006,28
2026-06-14,S003,P007,92
2026-06-14,S003,P008,96
2026-06-14,S003,P016,43
2026-06-14,S003,P009,71
2026-06-14,S003,P010,74
2026-06-14,S003,P011,59
2026-06-14,S003,P012,101
2026-06-14,S003,P017,46
2026-06-14,S003,P013,55
2026-06-14,S003,P018,35
2026-06-14,S003,P020,61
2026-06-14,S003,P021,121
2026-06-14,S003,P022,67
2026-06-14,S003,P019,73
2026-06-14,S003,P023,74
2026-06-14,S003,P024,31
2026-06-14,S003,P025,70
2026-06-14,S003,P026,32
2026-06-14,S003,P027,35
2026-06-14,S003,P028,73
2026-06-14,S003,P029,86
2026-06-14,S003,P030,53
2026-06-14,S003,P031,70
2026-06-14,S003,P032,33
2026-06-15,S001,P001,49
2026-06-15,S001,P002,26
2026-06-15,S001,P003,64
2026-06-15,S001,P004,57
2026-06-15,S001,P014,87
2026-06-15,S001,P015,22
2026-06-15,S001,P005,29
2026-06-15,S001,P006,63
2026-06-15,S001,P007,54
2026-06-15,S001,P008,367
2026-06-15,S001,P016,59
2026-06-15,S001,P009,55
2026-06-15,S001,P010,80
2026-06-15,S001,P011,51
2026-06-15,S001,P012,47
2026-06-15,S001,P017,21
2026-06-15,S001,P013,54
2026-06-15,S001,P018,43
2026-06-15,S001,P020,37
2026-06-15,S001,P021,72
2026-06-15,S001,P022,55
2026-06-15,S001,P019,67
2026-06-15,S001,P023,28
2026-06-15,S001,P024,34
2026-06-15,S001,P025,68
2026-06-15,S001,P026,37
2026-06-15,S001,P027,52
2026-06-15,S001,P028,85
2026-06-15,S001,P029,86
2026-06-15,S001,P030,106
2026-06-15,S001,P031,38
2026-06-15,S001,P032,69
2026-06-15,S002,P001,34
2026-06-15,S002,P002,54
2026-06-15,S002,P003,46
2026-06-15,S002,P004,40
2026-06-15,S002,P014,55
2026-06-15,S002,P015,70
2026-06-15,S002,P005,75
2026-06-15,S002,P006,25
2026-06-15,S002,P007,73
2026-06-15,S002,P008,94
2026-06-15,S002,P016,56
2026-06-15,S002,P009,32
2026-06-15,S002,P010,62
2026-06-15,S002,P011,52
2026-06-15,S002,P012,43
2026-06-15,S002,P017,83
2026-06-15,S002,P013,33
2026-06-15,S002,P018,81
2026-06-15,S002,P020,41
2026-06-15,S002,P021,92
2026-06-15,S002,P022,77
2026-06-15,S002,P019,32
2026-06-15,S002,P023,84
2026-06-15,S002,P024,63
2026-06-15,S002,P025,30
2026-06-15,S002,P026,40
2026-06-15,S002,P027,29
2026-06-15,S002,P028,63
2026-06-15,S002,P029,66
2026-06-15,S002,P030,94
2026-06-15,S002,P031,33
2026-06-15,S002,P032,42
2026-06-15,S003,P001,89
2026-06-15,S003,P002,84
2026-06-15,S003,P003,54
2026-06-15,S003,P004,23
2026-06-15,S003,P014,60
2026-06-15,S003,P015,47
2026-06-15,S003,P005,32
2026-06-15,S003,P006,28
2026-06-15,S003,P007,86
2026-06-15,S003,P008,91
2026-06-15,S003,P016,38
2026-06-15,S003,P009,66
2026-06-15,S003,P010,67
2026-06-15,S003,P011,53
2026-06-15,S003,P012,98
2026-06-15,S003,P017,44
2026-06-15,S003,P013,53
2026-06-15,S003,P018,31
2026-06-15,S003,P020,60
2026-06-15,S003,P021,121
2026-06-15,S003,P022,65
2026-06-15,S003,P019,69
2026-06-15,S003,P023,71
2026-06-15,S003,P024,29
2026-06-15,S003,P025,67
2026-06-15,S003,P026,29
2026-06-15,S003,P027,35
2026-06-15,S003,P028,71
2026-06-15,S003,P029,83
2026-06-15,S003,P030,53
2026-06-15,S003,P031,68
2026-06-15,S003,P032,31
2026-06-16,S001,P001,45
2026-06-16,S001,P002,24
2026-06-16,S001,P003,59
2026-06-16,S001,P004,55
2026-06-16,S001,P014,86
2026-06-16,S001,P015,20
2026-06-16,S001,P005,70
2026-06-16,S001,P006,56
2026-06-16,S001,P007,108
2026-06-16,S001,P008,364
2026-06-16,S001,P016,56
2026-06-16,S001,P009,48
2026-06-16,S001,P010,73
2026-06-16,S001,P011,47
2026-06-16,S001,P012,41
2026-06-16,S001,P017,70
2026-06-16,S001,P013,50
2026-06-16,S001,P018,41
2026-06-16,S001,P020,36
2026-06-16,S001,P021,63
2026-06-16,S001,P022,52
2026-06-16,S001,P019,64
2026-06-16,S001,P023,27
2026-06-16,S001,P024,29
2026-06-16,S001,P025,63
2026-06-16,S001,P026,35
2026-06-16,S001,P027,51
2026-06-16,S001,P028,83
2026-06-16,S001,P029,80
2026-06-16,S001,P030,102
2026-06-16,S001,P031,37
2026-06-16,S001,P032,67
2026-06-16,S002,P001,32
2026-06-16,S002,P002,52
2026-06-16,S002,P003,46
2026-06-16,S002,P004,38
2026-06-16,S002,P014,50
2026-06-16,S002,P015,68
2026-06-16,S002,P005,69
2026-06-16,S002,P006,72
2026-06-16,S002,P007,70
2026-06-16,S002,P008,87
2026-06-16,S002,P016,48
2026-06-16,S002,P009,97
2026-06-16,S002,P010,58
2026-06-16,S002,P011,46
2026-06-16,S002,P012,97
2026-06-16,S002,P017,79
2026-06-16,S002,P013,82
2026-06-16,S002,P018,79
2026-06-16,S002,P020,39
2026-06-16,S002,P021,88
2026-06-16,S002,P022,77
2026-06-16,S002,P019,26
2026-06-16,S002,P023,81
2026-06-16,S002,P024,60
2026-06-16,S002,P025,26
2026-06-16,S002,P026,37
2026-06-16,S002,P027,27
2026-06-16,S002,P028,58
2026-06-16,S002,P029,63
2026-06-16,S002,P030,90
2026-06-16,S002,P031,31
2026-06-16,S002,P032,37
2026-06-16,S003,P001,88
2026-06-16,S003,P002,82
2026-06-16,S003,P003,52
2026-06-16,S003,P004,21
2026-06-16,S003,P014,59
2026-06-16,S003,P015,44
2026-06-16,S003,P005,27
2026-06-16,S003,P006,22
2026-06-16,S003,P007,81
2026-06-16,S003,P008,84
2026-06-16,S003,P016,35
2026-06-16,S003,P009,61
2026-06-16,S003,P010,64
2026-06-16,S003,P011,47
2026-06-16,S003,P012,92
2026-06-16,S003,P017,44
2026-06-16,S003,P013,52
2026-06-16,S003,P018,27
2026-06-16,S003,P020,56
2026-06-16,S003,P021,119
2026-06-16,S003,P022,59
2026-06-16,S003,P019,66
2026-06-16,S003,P023,71
2026-06-16,S003,P024,27
2026-06-16,S003,P025,65
2026-06-16,S003,P026,28
2026-06-16,S003,P027,35
2026-06-16,S003,P028,70
2026-06-16,S003,P029,81
2026-06-16,S003,P030,51
2026-06-16,S003,P031,65
2026-06-16,S003,P032,28
2026-06-17,S001,P001,44
2026-06-17,S001,P002,23
2026-06-17,S001,P003,54
2026-06-17,S001,P004,54
2026-06-17,S001,P014,84
2026-06-17,S001,P015,17
2026-06-17,S001,P005,64
2026-06-17,S001,P006,51
2026-06-17,S001,P007,105
2026-06-17,S001,P008,358
2026-06-17,S001,P016,51
2026-06-17,S001,P009,43
2026-06-17,S001,P010,65
2026-06-17,S001,P011,41
2026-06-17,S001,P012,82
2026-06-17,S001,P017,62
2026-06-17,S001,P013,48
2026-06-17,S001,P018,38
2026-06-17,S001,P020,31
2026-06-17,S001,P021,107
2026-06-17,S001,P022,49
2026-06-17,S001,P019,63
2026-06-17,S001,P023,24
2026-06-17,S001,P024,27
2026-06-17,S001,P025,61
2026-06-17,S001,P026,31
2026-06-17,S001,P027,47
2026-06-17,S001,P028,81
2026-06-17,S001,P029,76
2026-06-17,S001,P030,100
2026-06-17,S001,P031,33
2026-06-17,S001,P032,65
2026-06-17,S002,P001,74
2026-06-17,S002,P002,51
2026-06-17,S002,P003,45
2026-06-17,S002,P004,38
2026-06-17,S002,P014,46
2026-06-17,S002,P015,67
2026-06-17,S002,P005,61
2026-06-17,S002,P006,67
2026-06-17,S002,P007,64
2026-06-17,S002,P008,82
2026-06-17,S002,P016,43
2026-06-17,S002,P009,91
2026-06-17,S002,P010,54
2026-06-17,S002,P011,42
2026-06-17,S002,P012,92
2026-06-17,S002,P017,74
2026-06-17,S002,P013,79
2026-06-17,S002,P018,77
2026-06-17,S002,P020,35
2026-06-17,S002,P021,83
2026-06-17,S002,P022,76
2026-06-17,S002,P019,76
2026-06-17,S002,P023,80
2026-06-17,S002,P024,57
2026-06-17,S002,P025,21
2026-06-17,S002,P026,33
2026-06-17,S002,P027,22
2026-06-17,S002,P028,54
2026-06-17,S002,P029,62
2026-06-17,S002,P030,88
2026-06-17,S002,P031,85
2026-06-17,S002,P032,33
2026-06-17,S003,P001,86
2026-06-17,S003,P002,82
2026-06-17,S003,P003,50
2026-06-17,S003,P004,19
2026-06-17,S003,P014,59
2026-06-17,S003,P015,41
2026-06-17,S003,P005,67
2026-06-17,S003,P006,80
2026-06-17,S003,P007,77
2026-06-17,S003,P008,80
2026-06-17,S003,P016,69
2026-06-17,S003,P009,52
2026-06-17,S003,P010,61
2026-06-17,S003,P011,45
2026-06-17,S003,P012,88
2026-06-17,S003,P017,40
2026-06-17,S003,P013,51
2026-06-17,S003,P018,92
2026-06-17,S003,P020,51
2026-06-17,S003,P021,115
2026-06-17,S003,P022,53
2026-06-17,S003,P019,63
2026-06-17,S003,P023,70
2026-06-17,S003,P024,27
2026-06-17,S003,P025,61
2026-06-17,S003,P026,25
2026-06-17,S003,P027,35
2026-06-17,S003,P028,69
2026-06-17,S003,P029,77
2026-06-17,S003,P030,91
2026-06-17,S003,P031,61
2026-06-17,S003,P032,28
2026-06-18,S001,P001,40
2026-06-18,S001,P002,22
2026-06-18,S001,P003,51
2026-06-18,S001,P004,49
2026-06-18,S001,P014,82
2026-06-18,S001,P015,17
2026-06-18,S001,P005,59
2026-06-18,S001,P006,45
2026-06-18,S001,P007,99
2026-06-18,S001,P008,353
2026-06-18,S001,P016,43
2026-06-18,S001,P009,37
2026-06-18,S001,P010,59
2026-06-18,S001,P011,36
2026-06-18,S001,P012,78
2026-06-18,S001,P017,58
2026-06-18,S001,P013,45
2026-06-18,S001,P018,35
2026-06-18,S001,P020,30
2026-06-18,S001,P021,104
2026-06-18,S001,P022,46
2026-06-18,S001,P019,62
2026-06-18,S001,P023,22
2026-06-18,S001,P024,66
2026-06-18,S001,P025,56
2026-06-18,S001,P026,29
2026-06-18,S001,P027,45
2026-06-18,S001,P028,77
2026-06-18,S001,P029,72
2026-06-18,S001,P030,95
2026-06-18,S001,P031,33
2026-06-18,S001,P032,61
2026-06-18,S002,P001,72
2026-06-18,S002,P002,51
2026-06-18,S002,P003,44
2026-06-18,S002,P004,37
2026-06-18,S002,P014,43
2026-06-18,S002,P015,66
2026-06-18,S002,P005,59
2026-06-18,S002,P006,60
2026-06-18,S002,P007,60
2026-06-18,S002,P008,77
2026-06-18,S002,P016,36
2026-06-18,S002,P009,86
2026-06-18,S002,P010,47
2026-06-18,S002,P011,41
2026-06-18,S002,P012,89
2026-06-18,S002,P017,70
2026-06-18,S002,P013,74
2026-06-18,S002,P018,72
2026-06-18,S002,P020,31
2026-06-18,S002,P021,79
2026-06-18,S002,P022,71
2026-06-18,S002,P019,73
2026-06-18,S002,P023,77
2026-06-18,S002,P024,55
2026-06-18,S002,P025,79
2026-06-18,S002,P026,32
2026-06-18,S002,P027,18
2026-06-18,S002,P028,50
2026-06-18,S002,P029,59
2026-06-18,S002,P030,85
2026-06-18,S002,P031,80
2026-06-18,S002,P032,31
2026-06-18,S003,P001,85
2026-06-18,S003,P002,80
2026-06-18,S003,P003,48
2026-06-18,S003,P004,62
2026-06-18,S003,P014,58
2026-06-18,S003,P015,40
2026-06-18,S003,P005,61
2026-06-18,S003,P006,73
2026-06-18,S003,P007,72
2026-06-18,S003,P008,77
2026-06-18,S003,P016,66
2026-06-18,S003,P009,49
2026-06-18,S003,P010,57
2026-06-18,S003,P011,42
2026-06-18,S003,P012,82
2026-06-18,S003,P017,35
2026-06-18,S003,P013,51
2026-06-18,S003,P018,89
2026-06-18,S003,P020,46
2026-06-18,S003,P021,111
2026-06-18,S003,P022,52
2026-06-18,S003,P019,63
2026-06-18,S003,P023,66
2026-06-18,S003,P024,87
2026-06-18,S003,P025,60
2026-06-18,S003,P026,24
2026-06-18,S003,P027,35
2026-06-18,S003,P028,65
2026-06-18,S003,P029,74
2026-06-18,S003,P030,88
2026-06-18,S003,P031,58
2026-06-18,S003,P032,26
2026-06-19,S001,P001,38
2026-06-19,S001,P002,21
2026-06-19,S001,P003,50
2026-06-19,S001,P004,47
2026-06-19,S001,P014,78
2026-06-19,S001,P015,16
2026-06-19,S001,P005,52
2026-06-19,S001,P006,41
2026-06-19,S001,P007,93
2026-06-19,S001,P008,348
2026-06-19,S001,P016,39
2026-06-19,S001,P009,90
2026-06-19,S001,P010,56
2026-06-19,S001,P011,35
2026-06-19,S001,P012,74
2026-06-19,S001,P017,51
2026-06-19,S001,P013,41
2026-06-19,S001,P018,30
2026-06-19,S001,P020,29
2026-06-19,S001,P021,102
2026-06-19,S001,P022,45
2026-06-19,S001,P019,58
2026-06-19,S001,P023,72
2026-06-19,S001,P024,64
2026-06-19,S001,P025,54
2026-06-19,S001,P026,26
2026-06-19,S001,P027,42
2026-06-19,S001,P028,72
2026-06-19,S001,P029,72
2026-06-19,S001,P030,92
2026-06-19,S001,P031,87
2026-06-19,S001,P032,55
2026-06-19,S002,P001,72
2026-06-19,S002,P002,50
2026-06-19,S002,P003,44
2026-06-19,S002,P004,36
2026-06-19,S002,P014,39
2026-06-19,S002,P015,66
2026-06-19,S002,P005,54
2026-06-19,S002,P006,58
2026-06-19,S002,P007,54
2026-06-19,S002,P008,73
2026-06-19,S002,P016,31
2026-06-19,S002,P009,81
2026-06-19,S002,P010,44
2026-06-19,S002,P011,38
2026-06-19,S002,P012,82
2026-06-19,S002,P017,67
2026-06-19,S002,P013,69
2026-06-19,S002,P018,65
2026-06-19,S002,P020,27
2026-06-19,S002,P021,76
2026-06-19,S002,P022,68
2026-06-19,S002,P019,69
2026-06-19,S002,P023,76
2026-06-19,S002,P024,53
2026-06-19,S002,P025,77
2026-06-19,S002,P026,28
2026-06-19,S002,P027,16
2026-06-19,S002,P028,47
2026-06-19,S002,P029,57
2026-06-19,S002,P030,83
2026-06-19,S002,P031,76
2026-06-19,S002,P032,30
2026-06-19,S003,P001,84
2026-06-19,S003,P002,75
2026-06-19,S003,P003,43
2026-06-19,S003,P004,61
2026-06-19,S003,P014,58
2026-06-19,S003,P015,39
2026-06-19,S003,P005,56
2026-06-19,S003,P006,69
2026-06-19,S003,P007,69
2026-06-19,S003,P008,75
2026-06-19,S003,P016,63
2026-06-19,S003,P009,45
2026-06-19,S003,P010,56
2026-06-19,S003,P011,38
2026-06-19,S003,P012,77
2026-06-19,S003,P017,29
2026-06-19,S003,P013,45
2026-06-19,S003,P018,85
2026-06-19,S003,P020,45
2026-06-19,S003,P021,109
2026-06-19,S003,P022,49
2026-06-19,S003,P019,60
2026-06-19,S003,P023,62
2026-06-19,S003,P024,87
2026-06-19,S003,P025,59
2026-06-19,S003,P026,22
2026-06-19,S003,P027,35
2026-06-19,S003,P028,63
2026-06-19,S003,P029,71
2026-06-19,S003,P030,86
2026-06-19,S003,P031,56
2026-06-19,S003,P032,25
2026-06-20,S001,P001,35
2026-06-20,S001,P002,59
2026-06-20,S001,P003,44
2026-06-20,S001,P004,45
2026-06-20,S001,P014,73
2026-06-20,S001,P015,64
2026-06-20,S001,P005,40
2026-06-20,S001,P006,33
2026-06-20,S001,P007,80
2026-06-20,S001,P008,345
2026-06-20,S001,P016,33
2026-06-20,S001,P009,82
2026-06-20,S001,P010,44
2026-06-20,S001,P011,76
2026-06-20,S001,P012,69
2026-06-20,S001,P017,44
2026-06-20,S001,P013,37
2026-06-20,S001,P018,82
2026-06-20,S001,P020,24
2026-06-20,S001,P021,96
2026-06-20,S001,P022,41
2026-06-20,S001,P019,53
2026-06-20,S001,P023,68
2026-06-20,S001,P024,62
2026-06-20,S001,P025,51
2026-06-20,S001,P026,21
2026-06-20,S001,P027,40
2026-06-20,S001,P028,69
2026-06-20,S001,P029,63
2026-06-20,S001,P030,88
2026-06-20,S001,P031,77
2026-06-20,S001,P032,49
2026-06-20,S002,P001,71
2026-06-20,S002,P002,49
2026-06-20,S002,P003,42
2026-06-20,S002,P004,33
2026-06-20,S002,P014,37
2026-06-20,S002,P015,64
2026-06-20,S002,P005,50
2026-06-20,S002,P006,54
2026-06-20,S002,P007,102
2026-06-20,S002,P008,65
2026-06-20,S002,P016,80
2026-06-20,S002,P009,73
2026-06-20,S002,P010,39
2026-06-20,S002,P011,33
2026-06-20,S002,P012,73
2026-06-20,S002,P017,60
2026-06-20,S002,P013,66
2026-06-20,S002,P018,62
2026-06-20,S002,P020,23
2026-06-20,S002,P021,71
2026-06-20,S002,P022,64
2026-06-20,S002,P019,66
2026-06-20,S002,P023,72
2026-06-20,S002,P024,51
2026-06-20,S002,P025,74
2026-06-20,S002,P026,26
2026-06-20,S002,P027,60
2026-06-20,S002,P028,41
2026-06-20,S002,P029,56
2026-06-20,S002,P030,81
2026-06-20,S002,P031,73
2026-06-20,S002,P032,29
2026-06-20,S003,P001,80
2026-06-20,S003,P002,74
2026-06-20,S003,P003,40
2026-06-20,S003,P004,61
2026-06-20,S003,P014,57
2026-06-20,S003,P015,38
2026-06-20,S003,P005,42
2026-06-20,S003,P006,63
2026-06-20,S003,P007,66
2026-06-20,S003,P008,70
2026-06-20,S003,P016,58
2026-06-20,S003,P009,35
2026-06-20,S003,P010,52
2026-06-20,S003,P011,30
2026-06-20,S003,P012,75
2026-06-20,S003,P017,24
2026-06-20,S003,P013,43
2026-06-20,S003,P018,80
2026-06-20,S003,P020,41
2026-06-20,S003,P021,103
2026-06-20,S003,P022,45
2026-06-20,S003,P019,56
2026-06-20,S003,P023,58
2026-06-20,S003,P024,84
2026-06-20,S003,P025,58
2026-06-20,S003,P026,22
2026-06-20,S003,P027,35
2026-06-20,S003,P028,62
2026-06-20,S003,P029,69
2026-06-20,S003,P030,82
2026-06-20,S003,P031,53
2026-06-20,S003,P032,21
2026-06-21,S001,P001,32
2026-06-21,S001,P002,56
2026-06-21,S001,P003,40
2026-06-21,S001,P004,39
2026-06-21,S001,P014,69
2026-06-21,S001,P015,63
2026-06-21,S001,P005,31
2026-06-21,S001,P006,21
2026-06-21,S001,P007,72
2026-06-21,S001,P008,340
2026-06-21,S001,P016,82
2026-06-21,S001,P009,65
2026-06-21,S001,P010,31
2026-06-21,S001,P011,65
2026-06-21,S001,P012,61
2026-06-21,S001,P017,32
2026-06-21,S001,P013,34
2026-06-21,S001,P018,80
2026-06-21,S001,P020,84
2026-06-21,S001,P021,89
2026-06-21,S001,P022,102
2026-06-21,S001,P019,47
2026-06-21,S001,P023,67
2026-06-21,S001,P024,57
2026-06-21,S001,P025,44
2026-06-21,S001,P026,16
2026-06-21,S001,P027,39
2026-06-21,S001,P028,65
2026-06-21,S001,P029,56
2026-06-21,S001,P030,86
2026-06-21,S001,P031,73
2026-06-21,S001,P032,43
2026-06-21,S002,P001,71
2026-06-21,S002,P002,48
2026-06-21,S002,P003,41
2026-06-21,S002,P004,30
2026-06-21,S002,P014,34
2026-06-21,S002,P015,64
2026-06-21,S002,P005,43
2026-06-21,S002,P006,42
2026-06-21,S002,P007,95
2026-06-21,S002,P008,99
2026-06-21,S002,P016,72
2026-06-21,S002,P009,63
2026-06-21,S002,P010,30
2026-06-21,S002,P011,85
2026-06-21,S002,P012,64
2026-06-21,S002,P017,53
2026-06-21,S002,P013,62
2026-06-21,S002,P018,60
2026-06-21,S002,P020,80
2026-06-21,S002,P021,64
2026-06-21,S002,P022,63
2026-06-21,S002,P019,65
2026-06-21,S002,P023,69
2026-06-21,S002,P024,49
2026-06-21,S002,P025,71
2026-06-21,S002,P026,23
2026-06-21,S002,P027,58
2026-06-21,S002,P028,33
2026-06-21,S002,P029,50
2026-06-21,S002,P030,78
2026-06-21,S002,P031,73
2026-06-21,S002,P032,27
2026-06-21,S003,P001,79
2026-06-21,S003,P002,73
2026-06-21,S003,P003,37
2026-06-21,S003,P004,59
2026-06-21,S003,P014,55
2026-06-21,S003,P015,35
2026-06-21,S003,P005,35
2026-06-21,S003,P006,53
2026-06-21,S003,P007,63
2026-06-21,S003,P008,67
2026-06-21,S003,P016,54
2026-06-21,S003,P009,71
2026-06-21,S003,P010,46
2026-06-21,S003,P011,86
2026-06-21,S003,P012,68
2026-06-21,S003,P017,86
2026-06-21,S003,P013,37
2026-06-21,S003,P018,77
2026-06-21,S003,P020,38
2026-06-21,S003,P021,101
2026-06-21,S003,P022,44
2026-06-21,S003,P019,54
2026-06-21,S003,P023,53
2026-06-21,S003,P024,80
2026-06-21,S003,P025,55
2026-06-21,S003,P026,17
2026-06-21,S003,P027,34
2026-06-21,S003,P028,61
2026-06-21,S003,P029,65
2026-06-21,S003,P030,80
2026-06-21,S003,P031,52
2026-06-21,S003,P032,74
2026-06-22,S001,P001,94
2026-06-22,S001,P002,54
2026-06-22,S001,P003,36
2026-06-22,S001,P004,39
2026-06-22,S001,P014,67
2026-06-22,S001,P015,59
2026-06-22,S001,P005,69
2026-06-22,S001,P006,80
2026-06-22,S001,P007,68
2026-06-22,S001,P008,336
2026-06-22,S001,P016,79
2026-06-22,S001,P009,58
2026-06-22,S001,P010,27
2026-06-22,S001,P011,57
2026-06-22,S001,P012,57
2026-06-22,S001,P017,25
2026-06-22,S001,P013,90
2026-06-22,S001,P018,79
2026-06-22,S001,P020,79
2026-06-22,S001,P021,82
2026-06-22,S001,P022,97
2026-06-22,S001,P019,44
2026-06-22,S001,P023,67
2026-06-22,S001,P024,54
2026-06-22,S001,P025,41
2026-06-22,S001,P026,64
2026-06-22,S001,P027,34
2026-06-22,S001,P028,62
2026-06-22,S001,P029,55
2026-06-22,S001,P030,82
2026-06-22,S001,P031,71
2026-06-22,S001,P032,41
2026-06-22,S002,P001,71
2026-06-22,S002,P002,46
2026-06-22,S002,P003,38
2026-06-22,S002,P004,28
2026-06-22,S002,P014,31
2026-06-22,S002,P015,62
2026-06-22,S002,P005,35
2026-06-22,S002,P006,37
2026-06-22,S002,P007,87
2026-06-22,S002,P008,94
2026-06-22,S002,P016,71
2026-06-22,S002,P009,61
2026-06-22,S002,P010,65
2026-06-22,S002,P011,76
2026-06-22,S002,P012,55
2026-06-22,S002,P017,46
2026-06-22,S002,P013,59
2026-06-22,S002,P018,60
2026-06-22,S002,P020,73
2026-06-22,S002,P021,61
2026-06-22,S002,P022,59
2026-06-22,S002,P019,62
2026-06-22,S002,P023,67
2026-06-22,S002,P024,44
2026-06-22,S002,P025,69
2026-06-22,S002,P026,22
2026-06-22,S002,P027,56
2026-06-22,S002,P028,32
2026-06-22,S002,P029,50
2026-06-22,S002,P030,74
2026-06-22,S002,P031,71
2026-06-22,S002,P032,23
2026-06-22,S003,P001,78
2026-06-22,S003,P002,70
2026-06-22,S003,P003,34
2026-06-22,S003,P004,59
2026-06-22,S003,P014,54
2026-06-22,S003,P015,33
2026-06-22,S003,P005,34
2026-06-22,S003,P006,52
2026-06-22,S003,P007,59
2026-06-22,S003,P008,64
2026-06-22,S003,P016,48
2026-06-22,S003,P009,65
2026-06-22,S003,P010,46
2026-06-22,S003,P011,83
2026-06-22,S003,P012,64
2026-06-22,S003,P017,82
2026-06-22,S003,P013,33
2026-06-22,S003,P018,76
2026-06-22,S003,P020,34
2026-06-22,S003,P021,97
2026-06-22,S003,P022,42
2026-06-22,S003,P019,53
2026-06-22,S003,P023,53
2026-06-22,S003,P024,78
2026-06-22,S003,P025,54
2026-06-22,S003,P026,62
2026-06-22,S003,P027,34
2026-06-22,S003,P028,57
2026-06-22,S003,P029,63
2026-06-22,S003,P030,77
2026-06-22,S003,P031,50
2026-06-22,S003,P032,71
2026-06-23,S001,P001,92
2026-06-23,S001,P002,51
2026-06-23,S001,P003,28
2026-06-23,S001,P004,39
2026-06-23,S001,P014,66
2026-06-23,S001,P015,58
2026-06-23,S001,P005,67
2026-06-23,S001,P006,74
2026-06-23,S001,P007,58
2026-06-23,S001,P008,331
2026-06-23,S001,P016,68
2026-06-23,S001,P009,55
2026-06-23,S001,P010,69
2026-06-23,S001,P011,52
2026-06-23,S001,P012,52
2026-06-23,S001,P017,64
2026-06-23,S001,P013,86
2026-06-23,S001,P018,73
2026-06-23,S001,P020,76
2026-06-23,S001,P021,80
2026-06-23,S001,P022,95
2026-06-23,S001,P019,42
2026-06-23,S001,P023,67
2026-06-23,S001,P024,51
2026-06-23,S001,P025,35
2026-06-23,S001,P026,62
2026-06-23,S001,P027,34
2026-06-23,S001,P028,59
2026-06-23,S001,P029,54
2026-06-23,S001,P030,75
2026-06-23,S001,P031,68
2026-06-23,S001,P032,38
2026-06-23,S002,P001,67
2026-06-23,S002,P002,44
2026-06-23,S002,P003,37
2026-06-23,S002,P004,26
2026-06-23,S002,P014,29
2026-06-23,S002,P015,61
2026-06-23,S002,P005,27
2026-06-23,S002,P006,32
2026-06-23,S002,P007,86
2026-06-23,S002,P008,88
2026-06-23,S002,P016,67
2026-06-23,S002,P009,58
2026-06-23,S002,P010,58
2026-06-23,S002,P011,70
2026-06-23,S002,P012,52
2026-06-23,S002,P017,41
2026-06-23,S002,P013,54
2026-06-23,S002,P018,57
2026-06-23,S002,P020,68
2026-06-23,S002,P021,113
2026-06-23,S002,P022,57
2026-06-23,S002,P019,59
2026-06-23,S002,P023,62
2026-06-23,S002,P024,42
2026-06-23,S002,P025,67
2026-06-23,S002,P026,20
2026-06-23,S002,P027,52
2026-06-23,S002,P028,68
2026-06-23,S002,P029,49
2026-06-23,S002,P030,72
2026-06-23,S002,P031,70
2026-06-23,S002,P032,88
2026-06-23,S003,P001,78
2026-06-23,S003,P002,67
2026-06-23,S003,P003,32
2026-06-23,S003,P004,58
2026-06-23,S003,P014,51
2026-06-23,S003,P015,32
2026-06-23,S003,P005,29
2026-06-23,S003,P006,49
2026-06-23,S003,P007,56
2026-06-23,S003,P008,122
2026-06-23,S003,P016,45
2026-06-23,S003,P009,61
2026-06-23,S003,P010,38
2026-06-23,S003,P011,80
2026-06-23,S003,P012,58
2026-06-23,S003,P017,81
2026-06-23,S003,P013,97
2026-06-23,S003,P018,71
2026-06-23,S003,P020,30
2026-06-23,S003,P021,93
2026-06-23,S003,P022,37
2026-06-23,S003,P019,51
2026-06-23,S003,P023,49
2026-06-23,S003,P024,77
2026-06-23,S003,P025,53
2026-06-23,S003,P026,60
2026-06-23,S003,P027,34
2026-06-23,S003,P028,55
2026-06-23,S003,P029,60
2026-06-23,S003,P030,74
2026-06-23,S003,P031,48
2026-06-23,S003,P032,69
2026-06-24,S001,P001,88
2026-06-24,S001,P002,49
2026-06-24,S001,P003,22
2026-06-24,S001,P004,34
2026-06-24,S001,P014,63
2026-06-24,S001,P015,51
2026-06-24,S001,P005,63
2026-06-24,S001,P006,65
2026-06-24,S001,P007,53
2026-06-24,S001,P008,326
2026-06-24,S001,P016,66
2026-06-24,S001,P009,51
2026-06-24,S001,P010,65
2026-06-24,S001,P011,49
2026-06-24,S001,P012,47
2026-06-24,S001,P017,58
2026-06-24,S001,P013,77
2026-06-24,S001,P018,69
2026-06-24,S001,P020,72
2026-06-24,S001,P021,77
2026-06-24,S001,P022,90
2026-06-24,S001,P019,37
2026-06-24,S001,P023,62
2026-06-24,S001,P024,49
2026-06-24,S001,P025,32
2026-06-24,S001,P026,61
2026-06-24,S001,P027,27
2026-06-24,S001,P028,53
2026-06-24,S001,P029,49
2026-06-24,S001,P030,72
2026-06-24,S001,P031,62
2026-06-24,S001,P032,36
2026-06-24,S002,P001,66
2026-06-24,S002,P002,41
2026-06-24,S002,P003,32
2026-06-24,S002,P004,26
2026-06-24,S002,P014,24
2026-06-24,S002,P015,60
2026-06-24,S002,P005,82
2026-06-24,S002,P006,26
2026-06-24,S002,P007,78
2026-06-24,S002,P008,75
2026-06-24,S002,P016,63
2026-06-24,S002,P009,57
2026-06-24,S002,P010,54
2026-06-24,S002,P011,68
2026-06-24,S002,P012,45
2026-06-24,S002,P017,37
2026-06-24,S002,P013,51
2026-06-24,S002,P018,50
2026-06-24,S002,P020,66
2026-06-24,S002,P021,109
2026-06-24,S002,P022,54
2026-06-24,S002,P019,55
2026-06-24,S002,P023,61
2026-06-24,S002,P024,40
2026-06-24,S002,P025,63
2026-06-24,S002,P026,19
2026-06-24,S002,P027,47
2026-06-24,S002,P028,65
2026-06-24,S002,P029,48
2026-06-24,S002,P030,69
2026-06-24,S002,P031,66
2026-06-24,S002,P032,84
2026-06-24,S003,P001,77
2026-06-24,S003,P002,65
2026-06-24,S003,P003,32
2026-06-24,S003,P004,56
2026-06-24,S003,P014,48
2026-06-24,S003,P015,30
2026-06-24,S003,P005,26
2026-06-24,S003,P006,49
2026-06-24,S003,P007,97
2026-06-24,S003,P008,120
2026-06-24,S003,P016,45
2026-06-24,S003,P009,56
2026-06-24,S003,P010,35
2026-06-24,S003,P011,76
2026-06-24,S003,P012,54
2026-06-24,S003,P017,74
2026-06-24,S003,P013,93
2026-06-24,S003,P018,69
2026-06-24,S003,P020,28
2026-06-24,S003,P021,89
2026-06-24,S003,P022,91
2026-06-24,S003,P019,45
2026-06-24,S003,P023,47
2026-06-24,S003,P024,73
2026-06-24,S003,P025,51
2026-06-24,S003,P026,57
2026-06-24,S003,P027,34
2026-06-24,S003,P028,53
2026-06-24,S003,P029,58
2026-06-24,S003,P030,73
2026-06-24,S003,P031,47
2026-06-24,S003,P032,66
2026-06-25,S001,P001,86
2026-06-25,S001,P002,46
2026-06-25,S001,P003,19
2026-06-25,S001,P004,31
2026-06-25,S001,P014,63
2026-06-25,S001,P015,49
2026-06-25,S001,P005,57
2026-06-25,S001,P006,59
2026-06-25,S001,P007,111
2026-06-25,S001,P008,322
2026-06-25,S001,P016,60
2026-06-25,S001,P009,47
2026-06-25,S001,P010,56
2026-06-25,S001,P011,48
2026-06-25,S001,P012,41
2026-06-25,S001,P017,52
2026-06-25,S001,P013,69
2026-06-25,S001,P018,66
2026-06-25,S001,P020,67
2026-06-25,S001,P021,67
2026-06-25,S001,P022,88
2026-06-25,S001,P019,37
2026-06-25,S001,P023,55
2026-06-25,S001,P024,44
2026-06-25,S001,P025,30
2026-06-25,S001,P026,54
2026-06-25,S001,P027,19
2026-06-25,S001,P028,49
2026-06-25,S001,P029,47
2026-06-25,S001,P030,71
2026-06-25,S001,P031,55
2026-06-25,S001,P032,30
2026-06-25,S002,P001,65
2026-06-25,S002,P002,40
2026-06-25,S002,P003,32
2026-06-25,S002,P004,22
2026-06-25,S002,P014,20
2026-06-25,S002,P015,58
2026-06-25,S002,P005,81
2026-06-25,S002,P006,65
2026-06-25,S002,P007,74
2026-06-25,S002,P008,66
2026-06-25,S002,P016,59
2026-06-25,S002,P009,48
2026-06-25,S002,P010,49
2026-06-25,S002,P011,66
2026-06-25,S002,P012,93
2026-06-25,S002,P017,35
2026-06-25,S002,P013,45
2026-06-25,S002,P018,47
2026-06-25,S002,P020,60
2026-06-25,S002,P021,108
2026-06-25,S002,P022,49
2026-06-25,S002,P019,49
2026-06-25,S002,P023,58
2026-06-25,S002,P024,36
2026-06-25,S002,P025,61
2026-06-25,S002,P026,80
2026-06-25,S002,P027,47
2026-06-25,S002,P028,59
2026-06-25,S002,P029,44
2026-06-25,S002,P030,67
2026-06-25,S002,P031,63
2026-06-25,S002,P032,81
2026-06-25,S003,P001,73
2026-06-25,S003,P002,65
2026-06-25,S003,P003,31
2026-06-25,S003,P004,54
2026-06-25,S003,P014,47
2026-06-25,S003,P015,28
2026-06-25,S003,P005,67
2026-06-25,S003,P006,42
2026-06-25,S003,P007,93
2026-06-25,S003,P008,115
2026-06-25,S003,P016,42
2026-06-25,S003,P009,49
2026-06-25,S003,P010,32
2026-06-25,S003,P011,72
2026-06-25,S003,P012,47
2026-06-25,S003,P017,73
2026-06-25,S003,P013,91
2026-06-25,S003,P018,66
2026-06-25,S003,P020,26
2026-06-25,S003,P021,88
2026-06-25,S003,P022,87
2026-06-25,S003,P019,42
2026-06-25,S003,P023,46
2026-06-25,S003,P024,73
2026-06-25,S003,P025,50
2026-06-25,S003,P026,55
2026-06-25,S003,P027,34
2026-06-25,S003,P028,51
2026-06-25,S003,P029,58
2026-06-25,S003,P030,73
2026-06-25,S003,P031,44
2026-06-25,S003,P032,65
2026-06-26,S001,P001,81
2026-06-26,S001,P002,42
2026-06-26,S001,P003,16
2026-06-26,S001,P004,30
2026-06-26,S001,P014,63
2026-06-26,S001,P015,47
2026-06-26,S001,P005,51
2026-06-26,S001,P006,52
2026-06-26,S001,P007,108
2026-06-26,S001,P008,318
2026-06-26,S001,P016,49
2026-06-26,S001,P009,37
2026-06-26,S001,P010,50
2026-06-26,S001,P011,44
2026-06-26,S001,P012,100
2026-06-26,S001,P017,44
2026-06-26,S001,P013,67
2026-06-26,S001,P018,64
2026-06-26,S001,P020,59
2026-06-26,S001,P021,64
2026-06-26,S001,P022,82
2026-06-26,S001,P019,31
2026-06-26,S001,P023,50
2026-06-26,S001,P024,41
2026-06-26,S001,P025,28
2026-06-26,S001,P026,50
2026-06-26,S001,P027,17
2026-06-26,S001,P028,48
2026-06-26,S001,P029,45
2026-06-26,S001,P030,69
2026-06-26,S001,P031,50
2026-06-26,S001,P032,25
2026-06-26,S002,P001,64
2026-06-26,S002,P002,39
2026-06-26,S002,P003,29
2026-06-26,S002,P004,19
2026-06-26,S002,P014,19
2026-06-26,S002,P015,56
2026-06-26,S002,P005,74
2026-06-26,S002,P006,61
2026-06-26,S002,P007,67
2026-06-26,S002,P008,63
2026-06-26,S002,P016,54
2026-06-26,S002,P009,40
2026-06-26,S002,P010,44
2026-06-26,S002,P011,55
2026-06-26,S002,P012,86
2026-06-26,S002,P017,31
2026-06-26,S002,P013,44
2026-06-26,S002,P018,41
2026-06-26,S002,P020,55
2026-06-26,S002,P021,106
2026-06-26,S002,P022,44
2026-06-26,S002,P019,47
2026-06-26,S002,P023,53
2026-06-26,S002,P024,34
2026-06-26,S002,P025,61
2026-06-26,S002,P026,77
2026-06-26,S002,P027,46
2026-06-26,S002,P028,57
2026-06-26,S002,P029,41
2026-06-26,S002,P030,66
2026-06-26,S002,P031,62
2026-06-26,S002,P032,78
2026-06-26,S003,P001,69
2026-06-26,S003,P002,63
2026-06-26,S003,P003,30
2026-06-26,S003,P004,50
2026-06-26,S003,P014,47
2026-06-26,S003,P015,27
2026-06-26,S003,P005,66
2026-06-26,S003,P006,39
2026-06-26,S003,P007,82
2026-06-26,S003,P008,112
2026-06-26,S003,P016,40
2026-06-26,S003,P009,47
2026-06-26,S003,P010,28
2026-06-26,S003,P011,68
2026-06-26,S003,P012,45
2026-06-26,S003,P017,67
2026-06-26,S003,P013,88
2026-06-26,S003,P018,64
2026-06-26,S003,P020,24
2026-06-26,S003,P021,83
2026-06-26,S003,P022,84
2026-06-26,S003,P019,42
2026-06-26,S003,P023,44
2026-06-26,S003,P024,72
2026-06-26,S003,P025,47
2026-06-26,S003,P026,53
2026-06-26,S003,P027,34
2026-06-26,S003,P028,50
2026-06-26,S003,P029,57
2026-06-26,S003,P030,69
2026-06-26,S003,P031,42
2026-06-26,S003,P032,61
2026-06-27,S001,P001,81
2026-06-27,S001,P002,42
2026-06-27,S001,P003,73
2026-06-27,S001,P004,27
2026-06-27,S001,P014,58
2026-06-27,S001,P015,44
2026-06-27,S001,P005,49
2026-06-27,S001,P006,51
2026-06-27,S001,P007,102
2026-06-27,S001,P008,308
2026-06-27,S001,P016,42
2026-06-27,S001,P009,78
2026-06-27,S001,P010,47
2026-06-27,S001,P011,35
2026-06-27,S001,P012,91
2026-06-27,S001,P017,35
2026-06-27,S001,P013,62
2026-06-27,S001,P018,55
2026-06-27,S001,P020,54
2026-06-27,S001,P021,125
2026-06-27,S001,P022,70
2026-06-27,S001,P019,29
2026-06-27,S001,P023,47
2026-06-27,S001,P024,38
2026-06-27,S001,P025,25
2026-06-27,S001,P026,47
2026-06-27,S001,P027,71
2026-06-27,S001,P028,46
2026-06-27,S001,P029,90
2026-06-27,S001,P030,65
2026-06-27,S001,P031,48
2026-06-27,S001,P032,22
2026-06-27,S002,P001,63
2026-06-27,S002,P002,37
2026-06-27,S002,P003,28
2026-06-27,S002,P004,77
2026-06-27,S002,P014,14
2026-06-27,S002,P015,53
2026-06-27,S002,P005,60
2026-06-27,S002,P006,55
2026-06-27,S002,P007,61
2026-06-27,S002,P008,104
2026-06-27,S002,P016,49
2026-06-27,S002,P009,36
2026-06-27,S002,P010,37
2026-06-27,S002,P011,46
2026-06-27,S002,P012,79
2026-06-27,S002,P017,25
2026-06-27,S002,P013,37
2026-06-27,S002,P018,36
2026-06-27,S002,P020,50
2026-06-27,S002,P021,100
2026-06-27,S002,P022,78
2026-06-27,S002,P019,43
2026-06-27,S002,P023,50
2026-06-27,S002,P024,31
2026-06-27,S002,P025,60
2026-06-27,S002,P026,72
2026-06-27,S002,P027,43
2026-06-27,S002,P028,54
2026-06-27,S002,P029,87
2026-06-27,S002,P030,62
2026-06-27,S002,P031,60
2026-06-27,S002,P032,73
2026-06-27,S003,P001,67
2026-06-27,S003,P002,59
2026-06-27,S003,P003,26
2026-06-27,S003,P004,49
2026-06-27,S003,P014,47
2026-06-27,S003,P015,24
2026-06-27,S003,P005,59
2026-06-27,S003,P006,38
2026-06-27,S003,P007,77
2026-06-27,S003,P008,110
2026-06-27,S003,P016,35
2026-06-27,S003,P009,39
2026-06-27,S003,P010,86
2026-06-27,S003,P011,63
2026-06-27,S003,P012,82
2026-06-27,S003,P017,61
2026-06-27,S003,P013,86
2026-06-27,S003,P018,64
2026-06-27,S003,P020,76
2026-06-27,S003,P021,77
2026-06-27,S003,P022,82
2026-06-27,S003,P019,39
2026-06-27,S003,P023,43
2026-06-27,S003,P024,68
2026-06-27,S003,P025,42
2026-06-27,S003,P026,51
2026-06-27,S003,P027,34
2026-06-27,S003,P028,47
2026-06-27,S003,P029,57
2026-06-27,S003,P030,68
2026-06-27,S003,P031,35
2026-06-27,S003,P032,55
2026-06-28,S001,P001,79
2026-06-28,S001,P002,40
2026-06-28,S001,P003,68
2026-06-28,S001,P004,21
2026-06-28,S001,P014,54
2026-06-28,S001,P015,43
2026-06-28,S001,P005,40
2026-06-28,S001,P006,38
2026-06-28,S001,P007,98
2026-06-28,S001,P008,303
2026-06-28,S001,P016,31
2026-06-28,S001,P009,69
2026-06-28,S001,P010,39
2026-06-28,S001,P011,27
2026-06-28,S001,P012,85
2026-06-28,S001,P017,25
2026-06-28,S001,P013,55
2026-06-28,S001,P018,47
2026-06-28,S001,P020,48
2026-06-28,S001,P021,117
2026-06-28,S001,P022,64
2026-06-28,S001,P019,93
2026-06-28,S001,P023,43
2026-06-28,S001,P024,34
2026-06-28,S001,P025,21
2026-06-28,S001,P026,47
2026-06-28,S001,P027,65
2026-06-28,S001,P028,43
2026-06-28,S001,P029,86
2026-06-28,S001,P030,60
2026-06-28,S001,P031,41
2026-06-28,S001,P032,83
2026-06-28,S002,P001,60
2026-06-28,S002,P002,35
2026-06-28,S002,P003,28
2026-06-28,S002,P004,74
2026-06-28,S002,P014,12
2026-06-28,S002,P015,47
2026-06-28,S002,P005,50
2026-06-28,S002,P006,48
2026-06-28,S002,P007,56
2026-06-28,S002,P008,103
2026-06-28,S002,P016,45
2026-06-28,S002,P009,31
2026-06-28,S002,P010,32
2026-06-28,S002,P011,37
2026-06-28,S002,P012,68
2026-06-28,S002,P017,89
2026-06-28,S002,P013,35
2026-06-28,S002,P018,29
2026-06-28,S002,P020,43
2026-06-28,S002,P021,98
2026-06-28,S002,P022,72
2026-06-28,S002,P019,36
2026-06-28,S002,P023,49
2026-06-28,S002,P024,28
2026-06-28,S002,P025,59
2026-06-28,S002,P026,67
2026-06-28,S002,P027,38
2026-06-28,S002,P028,53
2026-06-28,S002,P029,82
2026-06-28,S002,P030,56
2026-06-28,S002,P031,57
2026-06-28,S002,P032,71
2026-06-28,S003,P001,65
2026-06-28,S003,P002,58
2026-06-28,S003,P003,24
2026-06-28,S003,P004,46
2026-06-28,S003,P014,44
2026-06-28,S003,P015,24
2026-06-28,S003,P005,56
2026-06-28,S003,P006,30
2026-06-28,S003,P007,70
2026-06-28,S003,P008,102
2026-06-28,S003,P016,85
2026-06-28,S003,P009,35
2026-06-28,S003,P010,82
2026-06-28,S003,P011,59
2026-06-28,S003,P012,72
2026-06-28,S003,P017,57
2026-06-28,S003,P013,79
2026-06-28,S003,P018,62
2026-06-28,S003,P020,75
2026-06-28,S003,P021,75
2026-06-28,S003,P022,77
2026-06-28,S003,P019,37
2026-06-28,S003,P023,38
2026-06-28,S003,P024,65
2026-06-28,S003,P025,39
2026-06-28,S003,P026,46
2026-06-28,S003,P027,34
2026-06-28,S003,P028,44
2026-06-28,S003,P029,53
2026-06-28,S003,P030,61
2026-06-28,S003,P031,34
2026-06-28,S003,P032,54
2026-06-29,S001,P001,76
2026-06-29,S001,P002,38
2026-06-29,S001,P003,66
2026-06-29,S001,P004,21
2026-06-29,S001,P014,54
2026-06-29,S001,P015,39
2026-06-29,S001,P005,34
2026-06-29,S001,P006,34
2026-06-29,S001,P007,92
2026-06-29,S001,P008,298
2026-06-29,S001,P016,93
2026-06-29,S001,P009,63
2026-06-29,S001,P010,31
2026-06-29,S001,P011,59
2026-06-29,S001,P012,79
2026-06-29,S001,P017,76
2026-06-29,S001,P013,51
2026-06-29,S001,P018,45
2026-06-29,S001,P020,38
2026-06-29,S001,P021,113
2026-06-29,S001,P022,58
2026-06-29,S001,P019,88
2026-06-29,S001,P023,38
2026-06-29,S001,P024,32
2026-06-29,S001,P025,70
2026-06-29,S001,P026,44
2026-06-29,S001,P027,63
2026-06-29,S001,P028,39
2026-06-29,S001,P029,81
2026-06-29,S001,P030,60
2026-06-29,S001,P031,39
2026-06-29,S001,P032,79
2026-06-29,S002,P001,57
2026-06-29,S002,P002,33
2026-06-29,S002,P003,28
2026-06-29,S002,P004,73
2026-06-29,S002,P014,10
2026-06-29,S002,P015,43
2026-06-29,S002,P005,47
2026-06-29,S002,P006,46
2026-06-29,S002,P007,105
2026-06-29,S002,P008,101
2026-06-29,S002,P016,38
2026-06-29,S002,P009,61
2026-06-29,S002,P010,31
2026-06-29,S002,P011,35
2026-06-29,S002,P012,64
2026-06-29,S002,P017,85
2026-06-29,S002,P013,71
2026-06-29,S002,P018,91
2026-06-29,S002,P020,41
2026-06-29,S002,P021,94
2026-06-29,S002,P022,65
2026-06-29,S002,P019,28
2026-06-29,S002,P023,48
2026-06-29,S002,P024,26
2026-06-29,S002,P025,59
2026-06-29,S002,P026,63
2026-06-29,S002,P027,37
2026-06-29,S002,P028,50
2026-06-29,S002,P029,82
2026-06-29,S002,P030,54
2026-06-29,S002,P031,56
2026-06-29,S002,P032,65
2026-06-29,S003,P001,64
2026-06-29,S003,P002,58
2026-06-29,S003,P003,22
2026-06-29,S003,P004,45
2026-06-29,S003,P014,43
2026-06-29,S003,P015,23
2026-06-29,S003,P005,54
2026-06-29,S003,P006,29
2026-06-29,S003,P007,66
2026-06-29,S003,P008,97
2026-06-29,S003,P016,81
2026-06-29,S003,P009,34
2026-06-29,S003,P010,76
2026-06-29,S003,P011,59
2026-06-29,S003,P012,70
2026-06-29,S003,P017,54
2026-06-29,S003,P013,76
2026-06-29,S003,P018,61
2026-06-29,S003,P020,73
2026-06-29,S003,P021,70
2026-06-29,S003,P022,73
2026-06-29,S003,P019,37
2026-06-29,S003,P023,38
2026-06-29,S003,P024,65
2026-06-29,S003,P025,38
2026-06-29,S003,P026,40
2026-06-29,S003,P027,34
2026-06-29,S003,P028,44
2026-06-29,S003,P029,48
2026-06-29,S003,P030,60
2026-06-29,S003,P031,80
2026-06-29,S003,P032,51
2026-06-30,S001,P001,75
2026-06-30,S001,P002,37
2026-06-30,S001,P003,61
2026-06-30,S001,P004,85
2026-06-30,S001,P014,52
2026-06-30,S001,P015,38
2026-06-30,S001,P005,29
2026-06-30,S001,P006,28
2026-06-30,S001,P007,84
2026-06-30,S001,P008,295
2026-06-30,S001,P016,90
2026-06-30,S001,P009,58
2026-06-30,S001,P010,89
2026-06-30,S001,P011,52
2026-06-30,S001,P012,72
2026-06-30,S001,P017,75
2026-06-30,S001,P013,46
2026-06-30,S001,P018,39
2026-06-30,S001,P020,33
2026-06-30,S001,P021,110
2026-06-30,S001,P022,51
2026-06-30,S001,P019,87
2026-06-30,S001,P023,35
2026-06-30,S001,P024,28
2026-06-30,S001,P025,67
2026-06-30,S001,P026,43
2026-06-30,S001,P027,59
2026-06-30,S001,P028,35
2026-06-30,S001,P029,79
2026-06-30,S001,P030,59
2026-06-30,S001,P031,35
2026-06-30,S001,P032,76
2026-06-30,S002,P001,57
2026-06-30,S002,P002,29
2026-06-30,S002,P003,28
2026-06-30,S002,P004,71
2026-06-30,S002,P014,6
2026-06-30,S002,P015,43
2026-06-30,S002,P005,42
2026-06-30,S002,P006,43
2026-06-30,S002,P007,102
2026-06-30,S002,P008,98
2026-06-30,S002,P016,32
2026-06-30,S002,P009,57
2026-06-30,S002,P010,30
2026-06-30,S002,P011,28
2026-06-30,S002,P012,56
2026-06-30,S002,P017,77
2026-06-30,S002,P013,65
2026-06-30,S002,P018,85
2026-06-30,S002,P020,39
2026-06-30,S002,P021,90
2026-06-30,S002,P022,59
2026-06-30,S002,P019,90
2026-06-30,S002,P023,46
2026-06-30,S002,P024,74
2026-06-30,S002,P025,56
2026-06-30,S002,P026,62
2026-06-30,S002,P027,32
2026-06-30,S002,P028,48
2026-06-30,S002,P029,78
2026-06-30,S002,P030,52
2026-06-30,S002,P031,54
2026-06-30,S002,P032,62
2026-06-30,S003,P001,63
2026-06-30,S003,P002,54
2026-06-30,S003,P003,19
2026-06-30,S003,P004,44
2026-06-30,S003,P014,42
2026-06-30,S003,P015,19
2026-06-30,S003,P005,50
2026-06-30,S003,P006,26
2026-06-30,S003,P007,61
2026-06-30,S003,P008,91
2026-06-30,S003,P016,76
2026-06-30,S003,P009,32
2026-06-30,S003,P010,74
2026-06-30,S003,P011,55
2026-06-30,S003,P012,66
2026-06-30,S003,P017,46
2026-06-30,S003,P013,75
2026-06-30,S003,P018,59
2026-06-30,S003,P020,71
2026-06-30,S003,P021,68
2026-06-30,S003,P022,68
2026-06-30,S003,P019,37
2026-06-30,S003,P023,36
2026-06-30,S003,P024,63
2026-06-30,S003,P025,37
2026-06-30,S003,P026,38
2026-06-30,S003,P027,34
2026-06-30,S003,P028,41
2026-06-30,S003,P029,46
2026-06-30,S003,P030,59
2026-06-30,S003,P031,80
2026-06-30,S003,P032,48
2026-07-01,S001,P001,73
2026-07-01,S001,P002,37
2026-07-01,S001,P003,57
2026-07-01,S001,P004,80
2026-07-01,S001,P014,48
2026-07-01,S001,P015,34
2026-07-01,S001,P005,26
2026-07-01,S001,P006,22
2026-07-01,S001,P007,74
2026-07-01,S001,P008,294
2026-07-01,S001,P016,78
2026-07-01,S001,P009,51
2026-07-01,S001,P010,84
2026-07-01,S001,P011,45
2026-07-01,S001,P012,66
2026-07-01,S001,P017,70
2026-07-01,S001,P013,39
2026-07-01,S001,P018,34
2026-07-01,S001,P020,28
2026-07-01,S001,P021,107
2026-07-01,S001,P022,46
2026-07-01,S001,P019,85
2026-07-01,S001,P023,33
2026-07-01,S001,P024,72
2026-07-01,S001,P025,66
2026-07-01,S001,P026,40
2026-07-01,S001,P027,53
2026-07-01,S001,P028,69
2026-07-01,S001,P029,77
2026-07-01,S001,P030,57
2026-07-01,S001,P031,31
2026-07-01,S001,P032,68
2026-07-01,S002,P001,54
2026-07-01,S002,P002,28
2026-07-01,S002,P003,27
2026-07-01,S002,P004,70
2026-07-01,S002,P014,4
2026-07-01,S002,P015,42
2026-07-01,S002,P005,38
2026-07-01,S002,P006,38
2026-07-01,S002,P007,100
2026-07-01,S002,P008,90
2026-07-01,S002,P016,76
2026-07-01,S002,P009,52
2026-07-01,S002,P010,26
2026-07-01,S002,P011,91
2026-07-01,S002,P012,49
2026-07-01,S002,P017,71
2026-07-01,S002,P013,60
2026-07-01,S002,P018,83
2026-07-01,S002,P020,37
2026-07-01,S002,P021,86
2026-07-01,S002,P022,55
2026-07-01,S002,P019,86
2026-07-01,S002,P023,42
2026-07-01,S002,P024,71
2026-07-01,S002,P025,49
2026-07-01,S002,P026,61
2026-07-01,S002,P027,31
2026-07-01,S002,P028,46
2026-07-01,S002,P029,78
2026-07-01,S002,P030,106
2026-07-01,S002,P031,50
2026-07-01,S002,P032,60
2026-07-01,S003,P001,62
2026-07-01,S003,P002,54
2026-07-01,S003,P003,17
2026-07-01,S003,P004,42
2026-07-01,S003,P014,36
2026-07-01,S003,P015,17
2026-07-01,S003,P005,47
2026-07-01,S003,P006,86
2026-07-01,S003,P007,58
2026-07-01,S003,P008,88
2026-07-01,S003,P016,73
2026-07-01,S003,P009,72
2026-07-01,S003,P010,72
2026-07-01,S003,P011,48
2026-07-01,S003,P012,61
2026-07-01,S003,P017,39
2026-07-01,S003,P013,73
2026-07-01,S003,P018,56
2026-07-01,S003,P020,69
2026-07-01,S003,P021,66
2026-07-01,S003,P022,67
2026-07-01,S003,P019,34
2026-07-01,S003,P023,33
2026-07-01,S003,P024,62
2026-07-01,S003,P025,37
2026-07-01,S003,P026,37
2026-07-01,S003,P027,34
2026-07-01,S003,P028,41
2026-07-01,S003,P029,45
2026-07-01,S003,P030,59
2026-07-01,S003,P031,78
2026-07-01,S003,P032,44
2026-07-02,S001,P001,67
2026-07-02,S001,P002,32
2026-07-02,S001,P003,53
2026-07-02,S001,P004,78
2026-07-02,S001,P014,47
2026-07-02,S001,P015,32
2026-07-02,S001,P005,61
2026-07-02,S001,P006,71
2026-07-02,S001,P007,67
2026-07-02,S001,P008,291
2026-07-02,S001,P016,75
2026-07-02,S001,P009,43
2026-07-02,S001,P010,81
2026-07-02,S001,P011,40
2026-07-02,S001,P012,57
2026-07-02,S001,P017,61
2026-07-02,S001,P013,38
2026-07-02,S001,P018,32
2026-07-02,S001,P020,24
2026-07-02,S001,P021,105
2026-07-02,S001,P022,40
2026-07-02,S001,P019,84
2026-07-02,S001,P023,29
2026-07-02,S001,P024,68
2026-07-02,S001,P025,65
2026-07-02,S001,P026,38
2026-07-02,S001,P027,49
2026-07-02,S001,P028,61
2026-07-02,S001,P029,75
2026-07-02,S001,P030,54
2026-07-02,S001,P031,84
2026-07-02,S001,P032,62
2026-07-02,S002,P001,54
2026-07-02,S002,P002,28
2026-07-02,S002,P003,27
2026-07-02,S002,P004,70
2026-07-02,S002,P014,0
2026-07-02,S002,P015,41
2026-07-02,S002,P005,32
2026-07-02,S002,P006,29
2026-07-02,S002,P007,97
2026-07-02,S002,P008,84
2026-07-02,S002,P016,71
2026-07-02,S002,P009,49
2026-07-02,S002,P010,84
2026-07-02,S002,P011,87
2026-07-02,S002,P012,44
2026-07-02,S002,P017,67
2026-07-02,S002,P013,57
2026-07-02,S002,P018,81
2026-07-02,S002,P020,34
2026-07-02,S002,P021,83
2026-07-02,S002,P022,53
2026-07-02,S002,P019,86
2026-07-02,S002,P023,37
2026-07-02,S002,P024,70
2026-07-02,S002,P025,48
2026-07-02,S002,P026,60
2026-07-02,S002,P027,26
2026-07-02,S002,P028,45
2026-07-02,S002,P029,75
2026-07-02,S002,P030,104
2026-07-02,S002,P031,49
2026-07-02,S002,P032,58
2026-07-02,S003,P001,62
2026-07-02,S003,P002,52
2026-07-02,S003,P003,53
2026-07-02,S003,P004,36
2026-07-02,S003,P014,31
2026-07-02,S003,P015,16
2026-07-02,S003,P005,41
2026-07-02,S003,P006,83
2026-07-02,S003,P007,54
2026-07-02,S003,P008,85
2026-07-02,S003,P016,71
2026-07-02,S003,P009,70
2026-07-02,S003,P010,69
2026-07-02,S003,P011,41
2026-07-02,S003,P012,56
2026-07-02,S003,P017,36
2026-07-02,S003,P013,72
2026-07-02,S003,P018,54
2026-07-02,S003,P020,63
2026-07-02,S003,P021,64
2026-07-02,S003,P022,62
2026-07-02,S003,P019,31
2026-07-02,S003,P023,30
2026-07-02,S003,P024,62
2026-07-02,S003,P025,33
2026-07-02,S003,P026,37
2026-07-02,S003,P027,34
2026-07-02,S003,P028,37
2026-07-02,S003,P029,42
2026-07-02,S003,P030,54
2026-07-02,S003,P031,77
2026-07-02,S003,P032,43
2026-07-03,S001,P001,66
2026-07-03,S001,P002,31
2026-07-03,S001,P003,48
2026-07-03,S001,P004,78
2026-07-03,S001,P014,44
2026-07-03,S001,P015,28
2026-07-03,S001,P005,55
2026-07-03,S001,P006,66
2026-07-03,S001,P007,57
2026-07-03,S001,P008,286
2026-07-03,S001,P016,68
2026-07-03,S001,P009,37
2026-07-03,S001,P010,74
2026-07-03,S001,P011,35
2026-07-03,S001,P012,49
2026-07-03,S001,P017,53
2026-07-03,S001,P013,36
2026-07-03,S001,P018,27
2026-07-03,S001,P020,82
2026-07-03,S001,P021,99
2026-07-03,S001,P022,90
2026-07-03,S001,P019,78
2026-07-03,S001,P023,25
2026-07-03,S001,P024,64
2026-07-03,S001,P025,61
2026-07-03,S001,P026,35
2026-07-03,S001,P027,42
2026-07-03,S001,P028,56
2026-07-03,S001,P029,69
2026-07-03,S001,P030,113
2026-07-03,S001,P031,82
2026-07-03,S001,P032,57
2026-07-03,S002,P001,53
2026-07-03,S002,P002,28
2026-07-03,S002,P003,26
2026-07-03,S002,P004,67
2026-07-03,S002,P014,0
2026-07-03,S002,P015,38
2026-07-03,S002,P005,27
2026-07-03,S002,P006,26
2026-07-03,S002,P007,95
2026-07-03,S002,P008,78
2026-07-03,S002,P016,68
2026-07-03,S002,P009,44
2026-07-03,S002,P010,81
2026-07-03,S002,P011,79
2026-07-03,S002,P012,41
2026-07-03,S002,P017,60
2026-07-03,S002,P013,54
2026-07-03,S002,P018,78
2026-07-03,S002,P020,28
2026-07-03,S002,P021,81
2026-07-03,S002,P022,48
2026-07-03,S002,P019,82
2026-07-03,S002,P023,34
2026-07-03,S002,P024,64
2026-07-03,S002,P025,45
2026-07-03,S002,P026,56
2026-07-03,S002,P027,24
2026-07-03,S002,P028,43
2026-07-03,S002,P029,71
2026-07-03,S002,P030,99
2026-07-03,S002,P031,47
2026-07-03,S002,P032,55
2026-07-03,S003,P001,62
2026-07-03,S003,P002,51
2026-07-03,S003,P003,53
2026-07-03,S003,P004,35
2026-07-03,S003,P014,30
2026-07-03,S003,P015,13
2026-07-03,S003,P005,35
2026-07-03,S003,P006,80
2026-07-03,S003,P007,93
2026-07-03,S003,P008,78
2026-07-03,S003,P016,64
2026-07-03,S003,P009,66
2026-07-03,S003,P010,67
2026-07-03,S003,P011,36
2026-07-03,S003,P012,52
2026-07-03,S003,P017,31
2026-07-03,S003,P013,68
2026-07-03,S003,P018,52
2026-07-03,S003,P020,61
2026-07-03,S003,P021,62
2026-07-03,S003,P022,61
2026-07-03,S003,P019,27
2026-07-03,S003,P023,30
2026-07-03,S003,P024,60
2026-07-03,S003,P025,31
2026-07-03,S003,P026,34
2026-07-03,S003,P027,34
2026-07-03,S003,P028,32
2026-07-03,S003,P029,84
2026-07-03,S003,P030,53
2026-07-03,S003,P031,74
2026-07-03,S003,P032,38
2026-07-04,S001,P001,65
2026-07-04,S001,P002,30
2026-07-04,S001,P003,45
2026-07-04,S001,P004,76
2026-07-04,S001,P014,37
2026-07-04,S001,P015,25
2026-07-04,S001,P005,46
2026-07-04,S001,P006,59
2026-07-04,S001,P007,104
2026-07-04,S001,P008,284
2026-07-04,S001,P016,62
2026-07-04,S001,P009,83
2026-07-04,S001,P010,67
2026-07-04,S001,P011,94
2026-07-04,S001,P012,43
2026-07-04,S001,P017,43
2026-07-04,S001,P013,31
2026-07-04,S001,P018,81
2026-07-04,S001,P020,79
2026-07-04,S001,P021,93
2026-07-04,S001,P022,88
2026-07-04,S001,P019,74
2026-07-04,S001,P023,22
2026-07-04,S001,P024,60
2026-07-04,S001,P025,56
2026-07-04,S001,P026,34
2026-07-04,S001,P027,40
2026-07-04,S001,P028,51
2026-07-04,S001,P029,66
2026-07-04,S001,P030,109
2026-07-04,S001,P031,79
2026-07-04,S001,P032,52
2026-07-04,S002,P001,50
2026-07-04,S002,P002,28
2026-07-04,S002,P003,25
2026-07-04,S002,P004,67
2026-07-04,S002,P014,0
2026-07-04,S002,P015,32
2026-07-04,S002,P005,63
2026-07-04,S002,P006,68
2026-07-04,S002,P007,89
2026-07-04,S002,P008,72
2026-07-04,S002,P016,65
2026-07-04,S002,P009,37
2026-07-04,S002,P010,73
2026-07-04,S002,P011,72
2026-07-04,S002,P012,90
2026-07-04,S002,P017,54
2026-07-04,S002,P013,53
2026-07-04,S002,P018,71
2026-07-04,S002,P020,24
2026-07-04,S002,P021,76
2026-07-04,S002,P022,44
2026-07-04,S002,P019,76
2026-07-04,S002,P023,27
2026-07-04,S002,P024,62
2026-07-04,S002,P025,44
2026-07-04,S002,P026,52
2026-07-04,S002,P027,16
2026-07-04,S002,P028,34
2026-07-04,S002,P029,65
2026-07-04,S002,P030,96
2026-07-04,S002,P031,42
2026-07-04,S002,P032,54
2026-07-04,S003,P001,60
2026-07-04,S003,P002,49
2026-07-04,S003,P003,51
2026-07-04,S003,P004,33
2026-07-04,S003,P014,29
2026-07-04,S003,P015,78
2026-07-04,S003,P005,29
2026-07-04,S003,P006,76
2026-07-04,S003,P007,92
2026-07-04,S003,P008,73
2026-07-04,S003,P016,54
2026-07-04,S003,P009,63
2026-07-04,S003,P010,65
2026-07-04,S003,P011,31
2026-07-04,S003,P012,45
2026-07-04,S003,P017,24
2026-07-04,S003,P013,61
2026-07-04,S003,P018,48
2026-07-04,S003,P020,57
2026-07-04,S003,P021,114
2026-07-04,S003,P022,57
2026-07-04,S003,P019,76
2026-07-04,S003,P023,28
2026-07-04,S003,P024,55
2026-07-04,S003,P025,30
2026-07-04,S003,P026,33
2026-07-04,S003,P027,34
2026-07-04,S003,P028,98
2026-07-04,S003,P029,81
2026-07-04,S003,P030,95
2026-07-04,S003,P031,71
2026-07-04,S003,P032,34
2026-07-05,S001,P001,58
2026-07-05,S001,P002,28
2026-07-05,S001,P003,40
2026-07-05,S001,P004,72
2026-07-05,S001,P014,34
2026-07-05,S001,P015,22
2026-07-05,S001,P005,41
2026-07-05,S001,P006,44
2026-07-05,S001,P007,99
2026-07-05,S001,P008,277
2026-07-05,S001,P016,55
2026-07-05,S001,P009,73
2026-07-05,S001,P010,62
2026-07-05,S001,P011,82
2026-07-05,S001,P012,104
2026-07-05,S001,P017,33
2026-07-05,S001,P013,86
2026-07-05,S001,P018,75
2026-07-05,S001,P020,71
2026-07-05,S001,P021,84
2026-07-05,S001,P022,76
2026-07-05,S001,P019,70
2026-07-05,S001,P023,21
2026-07-05,S001,P024,55
2026-07-05,S001,P025,50
2026-07-05,S001,P026,33
2026-07-05,S001,P027,36
2026-07-05,S001,P028,46
2026-07-05,S001,P029,61
2026-07-05,S001,P030,105
2026-07-05,S001,P031,71
2026-07-05,S001,P032,52
2026-07-05,S002,P001,46
2026-07-05,S002,P002,26
2026-07-05,S002,P003,23
2026-07-05,S002,P004,63
2026-07-05,S002,P014,0
2026-07-05,S002,P015,31
2026-07-05,S002,P005,59
2026-07-05,S002,P006,63
2026-07-05,S002,P007,83
2026-07-05,S002,P008,67
2026-07-05,S002,P016,57
2026-07-05,S002,P009,91
2026-07-05,S002,P010,69
2026-07-05,S002,P011,66
2026-07-05,S002,P012,87
2026-07-05,S002,P017,48
2026-07-05,S002,P013,47
2026-07-05,S002,P018,69
2026-07-05,S002,P020,82
2026-07-05,S002,P021,71
2026-07-05,S002,P022,40
2026-07-05,S002,P019,75
2026-07-05,S002,P023,23
2026-07-05,S002,P024,61
2026-07-05,S002,P025,41
2026-07-05,S002,P026,51
2026-07-05,S002,P027,73
2026-07-05,S002,P028,33
2026-07-05,S002,P029,61
2026-07-05,S002,P030,93
2026-07-05,S002,P031,39
2026-07-05,S002,P032,45
2026-07-05,S003,P001,60
2026-07-05,S003,P002,46
2026-07-05,S003,P003,50
2026-07-05,S003,P004,32
2026-07-05,S003,P014,27
2026-07-05,S003,P015,76
2026-07-05,S003,P005,69
2026-07-05,S003,P006,71
2026-07-05,S003,P007,87
2026-07-05,S003,P008,71
2026-07-05,S003,P016,49
2026-07-05,S003,P009,59
2026-07-05,S003,P010,59
2026-07-05,S003,P011,28
2026-07-05,S003,P012,41
2026-07-05,S003,P017,81
2026-07-05,S003,P013,53
2026-07-05,S003,P018,47
2026-07-05,S003,P020,53
2026-07-05,S003,P021,113
2026-07-05,S003,P022,55
2026-07-05,S003,P019,76
2026-07-05,S003,P023,26
2026-07-05,S003,P024,51
2026-07-05,S003,P025,28
2026-07-05,S003,P026,29
2026-07-05,S003,P027,34
2026-07-05,S003,P028,96
2026-07-05,S003,P029,77
2026-07-05,S003,P030,90
2026-07-05,S003,P031,66
2026-07-05,S003,P032,28
2026-07-06,S001,P001,57
2026-07-06,S001,P002,24
2026-07-06,S001,P003,31
2026-07-06,S001,P004,68
2026-07-06,S001,P014,34
2026-07-06,S001,P015,21
2026-07-06,S001,P005,36
2026-07-06,S001,P006,40
2026-07-06,S001,P007,87
2026-07-06,S001,P008,272
2026-07-06,S001,P016,47
2026-07-06,S001,P009,62
2026-07-06,S001,P010,57
2026-07-06,S001,P011,79
2026-07-06,S001,P012,101
2026-07-06,S001,P017,27
2026-07-06,S001,P013,83
2026-07-06,S001,P018,69
2026-07-06,S001,P020,62
2026-07-06,S001,P021,80
2026-07-06,S001,P022,75
2026-07-06,S001,P019,66
2026-07-06,S001,P023,68
2026-07-06,S001,P024,49
2026-07-06,S001,P025,47
2026-07-06,S001,P026,29
2026-07-06,S001,P027,31
2026-07-06,S001,P028,43
2026-07-06,S001,P029,58
2026-07-06,S001,P030,100
2026-07-06,S001,P031,66
2026-07-06,S001,P032,49
2026-07-06,S002,P001,45
2026-07-06,S002,P002,23
2026-07-06,S002,P003,19
2026-07-06,S002,P004,62
2026-07-06,S002,P014,0
2026-07-06,S002,P015,30
2026-07-06,S002,P005,53
2026-07-06,S002,P006,57
2026-07-06,S002,P007,76
2026-07-06,S002,P008,62
2026-07-06,S002,P016,52
2026-07-06,S002,P009,84
2026-07-06,S002,P010,65
2026-07-06,S002,P011,62
2026-07-06,S002,P012,81
2026-07-06,S002,P017,42
2026-07-06,S002,P013,44
2026-07-06,S002,P018,67
2026-07-06,S002,P020,81
2026-07-06,S002,P021,68
2026-07-06,S002,P022,87
2026-07-06,S002,P019,67
2026-07-06,S002,P023,21
2026-07-06,S002,P024,59
2026-07-06,S002,P025,37
2026-07-06,S002,P026,48
2026-07-06,S002,P027,73
2026-07-06,S002,P028,31
2026-07-06,S002,P029,58
2026-07-06,S002,P030,88
2026-07-06,S002,P031,36
2026-07-06,S002,P032,44
2026-07-06,S003,P001,57
2026-07-06,S003,P002,45
2026-07-06,S003,P003,49
2026-07-06,S003,P004,31
2026-07-06,S003,P014,82
2026-07-06,S003,P015,76
2026-07-06,S003,P005,69
2026-07-06,S003,P006,63
2026-07-06,S003,P007,84
2026-07-06,S003,P008,65
2026-07-06,S003,P016,47
2026-07-06,S003,P009,58
2026-07-06,S003,P010,54
2026-07-06,S003,P011,83
2026-07-06,S003,P012,88
2026-07-06,S003,P017,77
2026-07-06,S003,P013,52
2026-07-06,S003,P018,44
2026-07-06,S003,P020,49
2026-07-06,S003,P021,113
2026-07-06,S003,P022,53
2026-07-06,S003,P019,75
2026-07-06,S003,P023,25
2026-07-06,S003,P024,49
2026-07-06,S003,P025,27
2026-07-06,S003,P026,25
2026-07-06,S003,P027,34
2026-07-06,S003,P028,93
2026-07-06,S003,P029,73
2026-07-06,S003,P030,85
2026-07-06,S003,P031,64
2026-07-06,S003,P032,26
2026-07-07,S001,P001,54
2026-07-07,S001,P002,21
2026-07-07,S001,P003,25
2026-07-07,S001,P004,67
2026-07-07,S001,P014,32
2026-07-07,S001,P015,15
2026-07-07,S001,P005,34
2026-07-07,S001,P006,33
2026-07-07,S001,P007,83
2026-07-07,S001,P008,268
2026-07-07,S001,P016,43
2026-07-07,S001,P009,57
2026-07-07,S001,P010,51
2026-07-07,S001,P011,75
2026-07-07,S001,P012,95
2026-07-07,S001,P017,22
2026-07-07,S001,P013,78
2026-07-07,S001,P018,64
2026-07-07,S001,P020,55
2026-07-07,S001,P021,75
2026-07-07,S001,P022,70
2026-07-07,S001,P019,60
2026-07-07,S001,P023,66
2026-07-07,S001,P024,45
2026-07-07,S001,P025,43
2026-07-07,S001,P026,21
2026-07-07,S001,P027,27
2026-07-07,S001,P028,40
2026-07-07,S001,P029,51
2026-07-07,S001,P030,99
2026-07-07,S001,P031,61
2026-07-07,S001,P032,48
2026-07-07,S002,P001,42
2026-07-07,S002,P002,74
2026-07-07,S002,P003,16
2026-07-07,S002,P004,60
2026-07-07,S002,P014,0
2026-07-07,S002,P015,28
2026-07-07,S002,P005,48
2026-07-07,S002,P006,50
2026-07-07,S002,P007,72
2026-07-07,S002,P008,125
2026-07-07,S002,P016,45
2026-07-07,S002,P009,83
2026-07-07,S002,P010,60
2026-07-07,S002,P011,61
2026-07-07,S002,P012,76
2026-07-07,S002,P017,33
2026-07-07,S002,P013,42
2026-07-07,S002,P018,64
2026-07-07,S002,P020,78
2026-07-07,S002,P021,63
2026-07-07,S002,P022,83
2026-07-07,S002,P019,64
2026-07-07,S002,P023,75
2026-07-07,S002,P024,59
2026-07-07,S002,P025,32
2026-07-07,S002,P026,43
2026-07-07,S002,P027,71
2026-07-07,S002,P028,80
2026-07-07,S002,P029,58
2026-07-07,S002,P030,85
2026-07-07,S002,P031,31
2026-07-07,S002,P032,38
2026-07-07,S003,P001,55
2026-07-07,S003,P002,44
2026-07-07,S003,P003,47
2026-07-07,S003,P004,29
2026-07-07,S003,P014,80
2026-07-07,S003,P015,75
2026-07-07,S003,P005,64
2026-07-07,S003,P006,55
2026-07-07,S003,P007,79
2026-07-07,S003,P008,62
2026-07-07,S003,P016,42
2026-07-07,S003,P009,54
2026-07-07,S003,P010,53
2026-07-07,S003,P011,73
2026-07-07,S003,P012,83
2026-07-07,S003,P017,75
2026-07-07,S003,P013,49
2026-07-07,S003,P018,42
2026-07-07,S003,P020,48
2026-07-07,S003,P021,111
2026-07-07,S003,P022,53
2026-07-07,S003,P019,72
2026-07-07,S003,P023,23
2026-07-07,S003,P024,41
2026-07-07,S003,P025,25
2026-07-07,S003,P026,25
2026-07-07,S003,P027,34
2026-07-07,S003,P028,88
2026-07-07,S003,P029,70
2026-07-07,S003,P030,83
2026-07-07,S003,P031,61
2026-07-07,S003,P032,23
2026-07-08,S001,P001,51
2026-07-08,S001,P002,63
2026-07-08,S001,P003,19
2026-07-08,S001,P004,64
2026-07-08,S001,P014,30
2026-07-08,S001,P015,59
2026-07-08,S001,P005,27
2026-07-08,S001,P006,29
2026-07-08,S001,P007,77
2026-07-08,S001,P008,261
2026-07-08,S001,P016,38
2026-07-08,S001,P009,54
2026-07-08,S001,P010,45
2026-07-08,S001,P011,69
2026-07-08,S001,P012,88
2026-07-08,S001,P017,57
2026-07-08,S001,P013,72
2026-07-08,S001,P018,57
2026-07-08,S001,P020,55
2026-07-08,S001,P021,71
2026-07-08,S001,P022,67
2026-07-08,S001,P019,56
2026-07-08,S001,P023,59
2026-07-08,S001,P024,40
2026-07-08,S001,P025,40
2026-07-08,S001,P026,17
2026-07-08,S001,P027,27
2026-07-08,S001,P028,34
2026-07-08,S001,P029,46
2026-07-08,S001,P030,95
2026-07-08,S001,P031,59
2026-07-08,S001,P032,44
2026-07-08,S002,P001,41
2026-07-08,S002,P002,73
2026-07-08,S002,P003,57
2026-07-08,S002,P004,57
2026-07-08,S002,P014,0
2026-07-08,S002,P015,23
2026-07-08,S002,P005,43
2026-07-08,S002,P006,44
2026-07-08,S002,P007,65
2026-07-08,S002,P008,117
2026-07-08,S002,P016,39
2026-07-08,S002,P009,74
2026-07-08,S002,P010,56
2026-07-08,S002,P011,57
2026-07-08,S002,P012,70
2026-07-08,S002,P017,70
2026-07-08,S002,P013,40
2026-07-08,S002,P018,57
2026-07-08,S002,P020,69
2026-07-08,S002,P021,61
2026-07-08,S002,P022,83
2026-07-08,S002,P019,63
2026-07-08,S002,P023,72
2026-07-08,S002,P024,55
2026-07-08,S002,P025,31
2026-07-08,S002,P026,41
2026-07-08,S002,P027,70
2026-07-08,S002,P028,77
2026-07-08,S002,P029,57
2026-07-08,S002,P030,84
2026-07-08,S002,P031,67
2026-07-08,S002,P032,37
2026-07-08,S003,P001,53
2026-07-08,S003,P002,42
2026-07-08,S003,P003,46
2026-07-08,S003,P004,27
2026-07-08,S003,P014,78
2026-07-08,S003,P015,75
2026-07-08,S003,P005,57
2026-07-08,S003,P006,50
2026-07-08,S003,P007,74
2026-07-08,S003,P008,116
2026-07-08,S003,P016,42
2026-07-08,S003,P009,48
2026-07-08,S003,P010,51
2026-07-08,S003,P011,65
2026-07-08,S003,P012,79
2026-07-08,S003,P017,70
2026-07-08,S003,P013,47
2026-07-08,S003,P018,39
2026-07-08,S003,P020,45
2026-07-08,S003,P021,107
2026-07-08,S003,P022,46
2026-07-08,S003,P019,71
2026-07-08,S003,P023,23
2026-07-08,S003,P024,40
2026-07-08,S003,P025,23
2026-07-08,S003,P026,23
2026-07-08,S003,P027,34
2026-07-08,S003,P028,84
2026-07-08,S003,P029,67
2026-07-08,S003,P030,83
2026-07-08,S003,P031,60
2026-07-08,S003,P032,77
2026-07-09,S001,P001,48
2026-07-09,S001,P002,61
2026-07-09,S001,P003,18
2026-07-09,S001,P004,63
2026-07-09,S001,P014,30
2026-07-09,S001,P015,56
2026-07-09,S001,P005,65
2026-07-09,S001,P006,22
2026-07-09,S001,P007,68
2026-07-09,S001,P008,261
2026-07-09,S001,P016,87
2026-07-09,S001,P009,43
2026-07-09,S001,P010,38
2026-07-09,S001,P011,62
2026-07-09,S001,P012,85
2026-07-09,S001,P017,48
2026-07-09,S001,P013,71
2026-07-09,S001,P018,55
2026-07-09,S001,P020,51
2026-07-09,S001,P021,63
2026-07-09,S001,P022,65
2026-07-09,S001,P019,52
2026-07-09,S001,P023,57
2026-07-09,S001,P024,37
2026-07-09,S001,P025,38
2026-07-09,S001,P026,16
2026-07-09,S001,P027,24
2026-07-09,S001,P028,76
2026-07-09,S001,P029,45
2026-07-09,S001,P030,91
2026-07-09,S001,P031,55
2026-07-09,S001,P032,39
2026-07-09,S002,P001,40
2026-07-09,S002,P002,72
2026-07-09,S002,P003,55
2026-07-09,S002,P004,55
2026-07-09,S002,P014,0
2026-07-09,S002,P015,21
2026-07-09,S002,P005,40
2026-07-09,S002,P006,33
2026-07-09,S002,P007,54
2026-07-09,S002,P008,105
2026-07-09,S002,P016,34
2026-07-09,S002,P009,67
2026-07-09,S002,P010,46
2026-07-09,S002,P011,55
2026-07-09,S002,P012,66
2026-07-09,S002,P017,64
2026-07-09,S002,P013,37
2026-07-09,S002,P018,54
2026-07-09,S002,P020,65
2026-07-09,S002,P021,100
2026-07-09,S002,P022,82
2026-07-09,S002,P019,60
2026-07-09,S002,P023,69
2026-07-09,S002,P024,51
2026-07-09,S002,P025,31
2026-07-09,S002,P026,35
2026-07-09,S002,P027,65
2026-07-09,S002,P028,75
2026-07-09,S002,P029,54
2026-07-09,S002,P030,82
2026-07-09,S002,P031,64
2026-07-09,S002,P032,34
2026-07-09,S003,P001,51
2026-07-09,S003,P002,41
2026-07-09,S003,P003,45
2026-07-09,S003,P004,25
2026-07-09,S003,P014,75
2026-07-09,S003,P015,73
2026-07-09,S003,P005,56
2026-07-09,S003,P006,45
2026-07-09,S003,P007,71
2026-07-09,S003,P008,111
2026-07-09,S003,P016,36
2026-07-09,S003,P009,46
2026-07-09,S003,P010,45
2026-07-09,S003,P011,62
2026-07-09,S003,P012,77
2026-07-09,S003,P017,65
2026-07-09,S003,P013,45
2026-07-09,S003,P018,36
2026-07-09,S003,P020,42
2026-07-09,S003,P021,103
2026-07-09,S003,P022,42
2026-07-09,S003,P019,70
2026-07-09,S003,P023,22
2026-07-09,S003,P024,37
2026-07-09,S003,P025,21
2026-07-09,S003,P026,21
2026-07-09,S003,P027,34
2026-07-09,S003,P028,82
2026-07-09,S003,P029,64
2026-07-09,S003,P030,81
2026-07-09,S003,P031,58
2026-07-09,S003,P032,76
2026-07-10,S001,P001,43
2026-07-10,S001,P002,57
2026-07-10,S001,P003,57
2026-07-10,S001,P004,62
2026-07-10,S001,P014,29
2026-07-10,S001,P015,55
2026-07-10,S001,P005,58
2026-07-10,S001,P006,75
2026-07-10,S001,P007,63
2026-07-10,S001,P008,259
2026-07-10,S001,P016,81
2026-07-10,S001,P009,38
2026-07-10,S001,P010,34
2026-07-10,S001,P011,58
2026-07-10,S001,P012,80
2026-07-10,S001,P017,38
2026-07-10,S001,P013,64
2026-07-10,S001,P018,53
2026-07-10,S001,P020,49
2026-07-10,S001,P021,119
2026-07-10,S001,P022,60
2026-07-10,S001,P019,48
2026-07-10,S001,P023,52
2026-07-10,S001,P024,33
2026-07-10,S001,P025,35
2026-07-10,S001,P026,56
2026-07-10,S001,P027,23
2026-07-10,S001,P028,71
2026-07-10,S001,P029,44
2026-07-10,S001,P030,88
2026-07-10,S001,P031,51
2026-07-10,S001,P032,34
2026-07-10,S002,P001,40
2026-07-10,S002,P002,69
2026-07-10,S002,P003,54
2026-07-10,S002,P004,49
2026-07-10,S002,P014,0
2026-07-10,S002,P015,19
2026-07-10,S002,P005,36
2026-07-10,S002,P006,27
2026-07-10,S002,P007,53
2026-07-10,S002,P008,99
2026-07-10,S002,P016,32
2026-07-10,S002,P009,62
2026-07-10,S002,P010,41
2026-07-10,S002,P011,51
2026-07-10,S002,P012,64
2026-07-10,S002,P017,53
2026-07-10,S002,P013,33
2026-07-10,S002,P018,46
2026-07-10,S002,P020,64
2026-07-10,S002,P021,92
2026-07-10,S002,P022,76
2026-07-10,S002,P019,54
2026-07-10,S002,P023,66
2026-07-10,S002,P024,51
2026-07-10,S002,P025,27
2026-07-10,S002,P026,33
2026-07-10,S002,P027,62
2026-07-10,S002,P028,69
2026-07-10,S002,P029,48
2026-07-10,S002,P030,79
2026-07-10,S002,P031,59
2026-07-10,S002,P032,32
2026-07-10,S003,P001,50
2026-07-10,S003,P002,39
2026-07-10,S003,P003,44
2026-07-10,S003,P004,24
2026-07-10,S003,P014,73
2026-07-10,S003,P015,73
2026-07-10,S003,P005,54
2026-07-10,S003,P006,42
2026-07-10,S003,P007,68
2026-07-10,S003,P008,109
2026-07-10,S003,P016,76
2026-07-10,S003,P009,41
2026-07-10,S003,P010,40
2026-07-10,S003,P011,56
2026-07-10,S003,P012,75
2026-07-10,S003,P017,58
2026-07-10,S003,P013,43
2026-07-10,S003,P018,35
2026-07-10,S003,P020,35
2026-07-10,S003,P021,100
2026-07-10,S003,P022,39
2026-07-10,S003,P019,67
2026-07-10,S003,P023,61
2026-07-10,S003,P024,37
2026-07-10,S003,P025,88
2026-07-10,S003,P026,21
2026-07-10,S003,P027,34
2026-07-10,S003,P028,82
2026-07-10,S003,P029,61
2026-07-10,S003,P030,79
2026-07-10,S003,P031,53
2026-07-10,S003,P032,72
2026-07-11,S001,P001,38
2026-07-11,S001,P002,56
2026-07-11,S001,P003,53
2026-07-11,S001,P004,60
2026-07-11,S001,P014,66
2026-07-11,S001,P015,51
2026-07-11,S001,P005,51
2026-07-11,S001,P006,71
2026-07-11,S001,P007,57
2026-07-11,S001,P008,255
2026-07-11,S001,P016,75
2026-07-11,S001,P009,94
2026-07-11,S001,P010,27
2026-07-11,S001,P011,49
2026-07-11,S001,P012,72
2026-07-11,S001,P017,27
2026-07-11,S001,P013,58
2026-07-11,S001,P018,47
2026-07-11,S001,P020,43
2026-07-11,S001,P021,109
2026-07-11,S001,P022,52
2026-07-11,S001,P019,45
2026-07-11,S001,P023,51
2026-07-11,S001,P024,30
2026-07-11,S001,P025,31
2026-07-11,S001,P026,47
2026-07-11,S001,P027,20
2026-07-11,S001,P028,68
2026-07-11,S001,P029,89
2026-07-11,S001,P030,84
2026-07-11,S001,P031,50
2026-07-11,S001,P032,30
2026-07-11,S002,P001,36
2026-07-11,S002,P002,61
2026-07-11,S002,P003,53
2026-07-11,S002,P004,46
2026-07-11,S002,P014,0
2026-07-11,S002,P015,17
2026-07-11,S002,P005,31
2026-07-11,S002,P006,62
2026-07-11,S002,P007,103
2026-07-11,S002,P008,93
2026-07-11,S002,P016,72
2026-07-11,S002,P009,53
2026-07-11,S002,P010,31
2026-07-11,S002,P011,43
2026-07-11,S002,P012,55
2026-07-11,S002,P017,43
2026-07-11,S002,P013,77
2026-07-11,S002,P018,41
2026-07-11,S002,P020,59
2026-07-11,S002,P021,83
2026-07-11,S002,P022,71
2026-07-11,S002,P019,51
2026-07-11,S002,P023,61
2026-07-11,S002,P024,47
2026-07-11,S002,P025,24
2026-07-11,S002,P026,31
2026-07-11,S002,P027,58
2026-07-11,S002,P028,66
2026-07-11,S002,P029,43
2026-07-11,S002,P030,77
2026-07-11,S002,P031,55
2026-07-11,S002,P032,28
2026-07-11,S003,P001,47
2026-07-11,S003,P002,37
2026-07-11,S003,P003,42
2026-07-11,S003,P004,21
2026-07-11,S003,P014,71
2026-07-11,S003,P015,70
2026-07-11,S003,P005,46
2026-07-11,S003,P006,32
2026-07-11,S003,P007,62
2026-07-11,S003,P008,98
2026-07-11,S003,P016,67
2026-07-11,S003,P009,31
2026-07-11,S003,P010,37
2026-07-11,S003,P011,47
2026-07-11,S003,P012,69
2026-07-11,S003,P017,49
2026-07-11,S003,P013,41
2026-07-11,S003,P018,29
2026-07-11,S003,P020,34
2026-07-11,S003,P021,98
2026-07-11,S003,P022,91
2026-07-11,S003,P019,63
2026-07-11,S003,P023,60
2026-07-11,S003,P024,35
2026-07-11,S003,P025,88
2026-07-11,S003,P026,19
2026-07-11,S003,P027,34
2026-07-11,S003,P028,80
2026-07-11,S003,P029,58
2026-07-11,S003,P030,77
2026-07-11,S003,P031,45
2026-07-11,S003,P032,69
2026-07-12,S001,P001,34
2026-07-12,S001,P002,53
2026-07-12,S001,P003,45
2026-07-12,S001,P004,52
2026-07-12,S001,P014,62
2026-07-12,S001,P015,47
2026-07-12,S001,P005,46
2026-07-12,S001,P006,55
2026-07-12,S001,P007,97
2026-07-12,S001,P008,250
2026-07-12,S001,P016,69
2026-07-12,S001,P009,90
2026-07-12,S001,P010,65
2026-07-12,S001,P011,43
2026-07-12,S001,P012,62
2026-07-12,S001,P017,21
2026-07-12,S001,P013,48
2026-07-12,S001,P018,40
2026-07-12,S001,P020,39
2026-07-12,S001,P021,100
2026-07-12,S001,P022,45
2026-07-12,S001,P019,38
2026-07-12,S001,P023,45
2026-07-12,S001,P024,27
2026-07-12,S001,P025,30
2026-07-12,S001,P026,41
2026-07-12,S001,P027,16
2026-07-12,S001,P028,61
2026-07-12,S001,P029,86
2026-07-12,S001,P030,80
2026-07-12,S001,P031,46
2026-07-12,S001,P032,29
2026-07-12,S002,P001,32
2026-07-12,S002,P002,59
2026-07-12,S002,P003,52
2026-07-12,S002,P004,46
2026-07-12,S002,P014,0
2026-07-12,S002,P015,15
2026-07-12,S002,P005,80
2026-07-12,S002,P006,60
2026-07-12,S002,P007,96
2026-07-12,S002,P008,87
2026-07-12,S002,P016,68
2026-07-12,S002,P009,44
2026-07-12,S002,P010,27
2026-07-12,S002,P011,39
2026-07-12,S002,P012,49
2026-07-12,S002,P017,32
2026-07-12,S002,P013,73
2026-07-12,S002,P018,36
2026-07-12,S002,P020,54
2026-07-12,S002,P021,77
2026-07-12,S002,P022,66
2026-07-12,S002,P019,50
2026-07-12,S002,P023,54
2026-07-12,S002,P024,43
2026-07-12,S002,P025,23
2026-07-12,S002,P026,25
2026-07-12,S002,P027,55
2026-07-12,S002,P028,62
2026-07-12,S002,P029,84
2026-07-12,S002,P030,75
2026-07-12,S002,P031,51
2026-07-12,S002,P032,28
2026-07-12,S003,P001,46
2026-07-12,S003,P002,34
2026-07-12,S003,P003,41
2026-07-12,S003,P004,19
2026-07-12,S003,P014,68
2026-07-12,S003,P015,64
2026-07-12,S003,P005,38
2026-07-12,S003,P006,30
2026-07-12,S003,P007,55
2026-07-12,S003,P008,93
2026-07-12,S003,P016,62
2026-07-12,S003,P009,87
2026-07-12,S003,P010,30
2026-07-12,S003,P011,43
2026-07-12,S003,P012,59
2026-07-12,S003,P017,45
2026-07-12,S003,P013,39
2026-07-12,S003,P018,93
2026-07-12,S003,P020,29
2026-07-12,S003,P021,93
2026-07-12,S003,P022,83
2026-07-12,S003,P019,56
2026-07-12,S003,P023,55
2026-07-12,S003,P024,31
2026-07-12,S003,P025,84
2026-07-12,S003,P026,17
2026-07-12,S003,P027,34
2026-07-12,S003,P028,79
2026-07-12,S003,P029,52
2026-07-12,S003,P030,75
2026-07-12,S003,P031,43
2026-07-12,S003,P032,65
2026-07-13,S001,P001,98
2026-07-13,S001,P002,49
2026-07-13,S001,P003,40
2026-07-13,S001,P004,52
2026-07-13,S001,P014,62
2026-07-13,S001,P015,42
2026-07-13,S001,P005,41
2026-07-13,S001,P006,50
2026-07-13,S001,P007,87
2026-07-13,S001,P008,240
2026-07-13,S001,P016,57
2026-07-13,S001,P009,85
2026-07-13,S001,P010,58
2026-07-13,S001,P011,37
2026-07-13,S001,P012,56
2026-07-13,S001,P017,73
2026-07-13,S001,P013,45
2026-07-13,S001,P018,36
2026-07-13,S001,P020,34
2026-07-13,S001,P021,99
2026-07-13,S001,P022,43
2026-07-13,S001,P019,32
2026-07-13,S001,P023,43
2026-07-13,S001,P024,82
2026-07-13,S001,P025,29
2026-07-13,S001,P026,40
2026-07-13,S001,P027,68
2026-07-13,S001,P028,57
2026-07-13,S001,P029,81
2026-07-13,S001,P030,75
2026-07-13,S001,P031,43
2026-07-13,S001,P032,28
2026-07-13,S002,P001,74
2026-07-13,S002,P002,54
2026-07-13,S002,P003,51
2026-07-13,S002,P004,43
2026-07-13,S002,P014,0
2026-07-13,S002,P015,14
2026-07-13,S002,P005,75
2026-07-13,S002,P006,56
2026-07-13,S002,P007,89
2026-07-13,S002,P008,81
2026-07-13,S002,P016,65
2026-07-13,S002,P009,39
2026-07-13,S002,P010,84
2026-07-13,S002,P011,33
2026-07-13,S002,P012,42
2026-07-13,S002,P017,28
2026-07-13,S002,P013,70
2026-07-13,S002,P018,29
2026-07-13,S002,P020,53
2026-07-13,S002,P021,77
2026-07-13,S002,P022,63
2026-07-13,S002,P019,45
2026-07-13,S002,P023,52
2026-07-13,S002,P024,40
2026-07-13,S002,P025,22
2026-07-13,S002,P026,21
2026-07-13,S002,P027,54
2026-07-13,S002,P028,61
2026-07-13,S002,P029,79
2026-07-13,S002,P030,72
2026-07-13,S002,P031,48
2026-07-13,S002,P032,22
2026-07-13,S003,P001,46
2026-07-13,S003,P002,32
2026-07-13,S003,P003,40
2026-07-13,S003,P004,19
2026-07-13,S003,P014,64
2026-07-13,S003,P015,64
2026-07-13,S003,P005,35
2026-07-13,S003,P006,25
2026-07-13,S003,P007,105
2026-07-13,S003,P008,92
2026-07-13,S003,P016,57
2026-07-13,S003,P009,80
2026-07-13,S003,P010,27
2026-07-13,S003,P011,41
2026-07-13,S003,P012,57
2026-07-13,S003,P017,40
2026-07-13,S003,P013,36
2026-07-13,S003,P018,92
2026-07-13,S003,P020,25
2026-07-13,S003,P021,88
2026-07-13,S003,P022,80
2026-07-13,S003,P019,49
2026-07-13,S003,P023,55
2026-07-13,S003,P024,28
2026-07-13,S003,P025,82
2026-07-13,S003,P026,78
2026-07-13,S003,P027,34
2026-07-13,S003,P028,77
2026-07-13,S003,P029,48
2026-07-13,S003,P030,71
2026-07-13,S003,P031,41
2026-07-13,S003,P032,63
2026-07-14,S001,P001,95
2026-07-14,S001,P002,47
2026-07-14,S001,P003,37
2026-07-14,S001,P004,48
2026-07-14,S001,P014,61
2026-07-14,S001,P015,40
2026-07-14,S001,P005,36
2026-07-14,S001,P006,40
2026-07-14,S001,P007,78
2026-07-14,S001,P008,235
2026-07-14,S001,P016,50
2026-07-14,S001,P009,83
2026-07-14,S001,P010,55
2026-07-14,S001,P011,34
2026-07-14,S001,P012,42
2026-07-14,S001,P017,69
2026-07-14,S001,P013,43
2026-07-14,S001,P018,28
2026-07-14,S001,P020,32
2026-07-14,S001,P021,97
2026-07-14,S001,P022,38
2026-07-14,S001,P019,31
2026-07-14,S001,P023,42
2026-07-14,S001,P024,77
2026-07-14,S001,P025,27
2026-07-14,S001,P026,38
2026-07-14,S001,P027,64
2026-07-14,S001,P028,55
2026-07-14,S001,P029,75
2026-07-14,S001,P030,71
2026-07-14,S001,P031,40
2026-07-14,S001,P032,22
2026-07-14,S002,P001,72
2026-07-14,S002,P002,51
2026-07-14,S002,P003,47
2026-07-14,S002,P004,42
2026-07-14,S002,P014,0
2026-07-14,S002,P015,65
2026-07-14,S002,P005,68
2026-07-14,S002,P006,52
2026-07-14,S002,P007,83
2026-07-14,S002,P008,74
2026-07-14,S002,P016,61
2026-07-14,S002,P009,33
2026-07-14,S002,P010,82
2026-07-14,S002,P011,27
2026-07-14,S002,P012,84
2026-07-14,S002,P017,25
2026-07-14,S002,P013,69
2026-07-14,S002,P018,26
2026-07-14,S002,P020,50
2026-07-14,S002,P021,75
2026-07-14,S002,P022,60
2026-07-14,S002,P019,40
2026-07-14,S002,P023,47
2026-07-14,S002,P024,37
2026-07-14,S002,P025,60
2026-07-14,S002,P026,18
2026-07-14,S002,P027,52
2026-07-14,S002,P028,58
2026-07-14,S002,P029,75
2026-07-14,S002,P030,70
2026-07-14,S002,P031,47
2026-07-14,S002,P032,60
2026-07-14,S003,P001,44
2026-07-14,S003,P002,30
2026-07-14,S003,P003,39
2026-07-14,S003,P004,79
2026-07-14,S003,P014,63
2026-07-14,S003,P015,60
2026-07-14,S003,P005,28
2026-07-14,S003,P006,71
2026-07-14,S003,P007,103
2026-07-14,S003,P008,90
2026-07-14,S003,P016,55
2026-07-14,S003,P009,77
2026-07-14,S003,P010,71
2026-07-14,S003,P011,38
2026-07-14,S003,P012,54
2026-07-14,S003,P017,36
2026-07-14,S003,P013,32
2026-07-14,S003,P018,87
2026-07-14,S003,P020,25
2026-07-14,S003,P021,86
2026-07-14,S003,P022,79
2026-07-14,S003,P019,48
2026-07-14,S003,P023,50
2026-07-14,S003,P024,27
2026-07-14,S003,P025,81
2026-07-14,S003,P026,78
2026-07-14,S003,P027,34
2026-07-14,S003,P028,73
2026-07-14,S003,P029,47
2026-07-14,S003,P030,69
2026-07-14,S003,P031,39
2026-07-14,S003,P032,59
2026-07-15,S001,P001,94
2026-07-15,S001,P002,47
2026-07-15,S001,P003,32
2026-07-15,S001,P004,44
2026-07-15,S001,P014,58
2026-07-15,S001,P015,40
2026-07-15,S001,P005,29
2026-07-15,S001,P006,31
2026-07-15,S001,P007,70
2026-07-15,S001,P008,230
2026-07-15,S001,P016,45
2026-07-15,S001,P009,74
2026-07-15,S001,P010,52
2026-07-15,S001,P011,78
2026-07-15,S001,P012,87
2026-07-15,S001,P017,63
2026-07-15,S001,P013,39
2026-07-15,S001,P018,79
2026-07-15,S001,P020,26
2026-07-15,S001,P021,94
2026-07-15,S001,P022,99
2026-07-15,S001,P019,28
2026-07-15,S001,P023,37
2026-07-15,S001,P024,74
2026-07-15,S001,P025,23
2026-07-15,S001,P026,32
2026-07-15,S001,P027,60
2026-07-15,S001,P028,52
2026-07-15,S001,P029,73
2026-07-15,S001,P030,65
2026-07-15,S001,P031,36
2026-07-15,S001,P032,80
2026-07-15,S002,P001,71
2026-07-15,S002,P002,49
2026-07-15,S002,P003,46
2026-07-15,S002,P004,39
2026-07-15,S002,P014,0
2026-07-15,S002,P015,62
2026-07-15,S002,P005,60
2026-07-15,S002,P006,45
2026-07-15,S002,P007,82
2026-07-15,S002,P008,66
2026-07-15,S002,P016,59
2026-07-15,S002,P009,70
2026-07-15,S002,P010,73
2026-07-15,S002,P011,84
2026-07-15,S002,P012,81
2026-07-15,S002,P017,21
2026-07-15,S002,P013,68
2026-07-15,S002,P018,85
2026-07-15,S002,P020,46
2026-07-15,S002,P021,71
2026-07-15,S002,P022,56
2026-07-15,S002,P019,38
2026-07-15,S002,P023,43
2026-07-15,S002,P024,35
2026-07-15,S002,P025,59
2026-07-15,S002,P026,74
2026-07-15,S002,P027,51
2026-07-15,S002,P028,54
2026-07-15,S002,P029,71
2026-07-15,S002,P030,68
2026-07-15,S002,P031,41
2026-07-15,S002,P032,58
2026-07-15,S003,P001,44
2026-07-15,S003,P002,28
2026-07-15,S003,P003,38
2026-07-15,S003,P004,77
2026-07-15,S003,P014,62
2026-07-15,S003,P015,57
2026-07-15,S003,P005,67
2026-07-15,S003,P006,66
2026-07-15,S003,P007,101
2026-07-15,S003,P008,84
2026-07-15,S003,P016,52
2026-07-15,S003,P009,69
2026-07-15,S003,P010,67
2026-07-15,S003,P011,31
2026-07-15,S003,P012,48
2026-07-15,S003,P017,32
2026-07-15,S003,P013,70
2026-07-15,S003,P018,83
2026-07-15,S003,P020,21
2026-07-15,S003,P021,82
2026-07-15,S003,P022,71
2026-07-15,S003,P019,45
2026-07-15,S003,P023,50
2026-07-15,S003,P024,26
2026-07-15,S003,P025,81
2026-07-15,S003,P026,78
2026-07-15,S003,P027,34
2026-07-15,S003,P028,71
2026-07-15,S003,P029,46
2026-07-15,S003,P030,65
2026-07-15,S003,P031,37
2026-07-15,S003,P032,57
2026-07-16,S001,P001,92
2026-07-16,S001,P002,43
2026-07-16,S001,P003,29
2026-07-16,S001,P004,41
2026-07-16,S001,P014,57
2026-07-16,S001,P015,39
2026-07-16,S001,P005,74
2026-07-16,S001,P006,81
2026-07-16,S001,P007,59
2026-07-16,S001,P008,228
2026-07-16,S001,P016,38
2026-07-16,S001,P009,64
2026-07-16,S001,P010,49
2026-07-16,S001,P011,67
2026-07-16,S001,P012,79
2026-07-16,S001,P017,56
2026-07-16,S001,P013,37
2026-07-16,S001,P018,74
2026-07-16,S001,P020,22
2026-07-16,S001,P021,89
2026-07-16,S001,P022,95
2026-07-16,S001,P019,72
2026-07-16,S001,P023,36
2026-07-16,S001,P024,72
2026-07-16,S001,P025,82
2026-07-16,S001,P026,30
2026-07-16,S001,P027,57
2026-07-16,S001,P028,49
2026-07-16,S001,P029,69
2026-07-16,S001,P030,59
2026-07-16,S001,P031,32
2026-07-16,S001,P032,73
2026-07-16,S002,P001,70
2026-07-16,S002,P002,48
2026-07-16,S002,P003,42
2026-07-16,S002,P004,36
2026-07-16,S002,P014,0
2026-07-16,S002,P015,57
2026-07-16,S002,P005,58
2026-07-16,S002,P006,39
2026-07-16,S002,P007,77
2026-07-16,S002,P008,126
2026-07-16,S002,P016,54
2026-07-16,S002,P009,62
2026-07-16,S002,P010,70
2026-07-16,S002,P011,77
2026-07-16,S002,P012,77
2026-07-16,S002,P017,61
2026-07-16,S002,P013,66
2026-07-16,S002,P018,83
2026-07-16,S002,P020,43
2026-07-16,S002,P021,66
2026-07-16,S002,P022,51
2026-07-16,S002,P019,31
2026-07-16,S002,P023,38
2026-07-16,S002,P024,31
2026-07-16,S002,P025,56
2026-07-16,S002,P026,72
2026-07-16,S002,P027,46
2026-07-16,S002,P028,49
2026-07-16,S002,P029,70
2026-07-16,S002,P030,66
2026-07-16,S002,P031,38
2026-07-16,S002,P032,56
2026-07-16,S003,P001,44
2026-07-16,S003,P002,26
2026-07-16,S003,P003,38
2026-07-16,S003,P004,77
2026-07-16,S003,P014,60
2026-07-16,S003,P015,57
2026-07-16,S003,P005,63
2026-07-16,S003,P006,59
2026-07-16,S003,P007,96
2026-07-16,S003,P008,83
2026-07-16,S003,P016,48
2026-07-16,S003,P009,60
2026-07-16,S003,P010,62
2026-07-16,S003,P011,72
2026-07-16,S003,P012,43
2026-07-16,S003,P017,29
2026-07-16,S003,P013,69
2026-07-16,S003,P018,83
2026-07-16,S003,P020,65
2026-07-16,S003,P021,77
2026-07-16,S003,P022,68
2026-07-16,S003,P019,43
2026-07-16,S003,P023,49
2026-07-16,S003,P024,71
2026-07-16,S003,P025,80
2026-07-16,S003,P026,75
2026-07-16,S003,P027,34
2026-07-16,S003,P028,69
2026-07-16,S003,P029,45
2026-07-16,S003,P030,64
2026-07-16,S003,P031,35
2026-07-16,S003,P032,56
2026-07-17,S001,P001,92
2026-07-17,S001,P002,42
2026-07-17,S001,P003,24
2026-07-17,S001,P004,36
2026-07-17,S001,P014,55
2026-07-17,S001,P015,36
2026-07-17,S001,P005,70
2026-07-17,S001,P006,76
2026-07-17,S001,P007,104
2026-07-17,S001,P008,227
2026-07-17,S001,P016,32
2026-07-17,S001,P009,57
2026-07-17,S001,P010,44
2026-07-17,S001,P011,63
2026-07-17,S001,P012,72
2026-07-17,S001,P017,52
2026-07-17,S001,P013,33
2026-07-17,S001,P018,71
2026-07-17,S001,P020,71
2026-07-17,S001,P021,79
2026-07-17,S001,P022,93
2026-07-17,S001,P019,71
2026-07-17,S001,P023,31
2026-07-17,S001,P024,69
2026-07-17,S001,P025,82
2026-07-17,S001,P026,26
2026-07-17,S001,P027,55
2026-07-17,S001,P028,49
2026-07-17,S001,P029,67
2026-07-17,S001,P030,57
2026-07-17,S001,P031,73
2026-07-17,S001,P032,69
2026-07-17,S002,P001,66
2026-07-17,S002,P002,45
2026-07-17,S002,P003,40
2026-07-17,S002,P004,35
2026-07-17,S002,P014,0
2026-07-17,S002,P015,57
2026-07-17,S002,P005,54
2026-07-17,S002,P006,34
2026-07-17,S002,P007,71
2026-07-17,S002,P008,117
2026-07-17,S002,P016,51
2026-07-17,S002,P009,53
2026-07-17,S002,P010,64
2026-07-17,S002,P011,75
2026-07-17,S002,P012,68
2026-07-17,S002,P017,57
2026-07-17,S002,P013,64
2026-07-17,S002,P018,79
2026-07-17,S002,P020,38
2026-07-17,S002,P021,63
2026-07-17,S002,P022,45
2026-07-17,S002,P019,28
2026-07-17,S002,P023,36
2026-07-17,S002,P024,28
2026-07-17,S002,P025,52
2026-07-17,S002,P026,72
2026-07-17,S002,P027,42
2026-07-17,S002,P028,43
2026-07-17,S002,P029,66
2026-07-17,S002,P030,65
2026-07-17,S002,P031,35
2026-07-17,S002,P032,54
2026-07-17,S003,P001,44
2026-07-17,S003,P002,24
2026-07-17,S003,P003,36
2026-07-17,S003,P004,75
2026-07-17,S003,P014,59
2026-07-17,S003,P015,55
2026-07-17,S003,P005,61
2026-07-17,S003,P006,54
2026-07-17,S003,P007,90
2026-07-17,S003,P008,82
2026-07-17,S003,P016,39
2026-07-17,S003,P009,57
2026-07-17,S003,P010,58
2026-07-17,S003,P011,70
2026-07-17,S003,P012,93
2026-07-17,S003,P017,23
2026-07-17,S003,P013,63
2026-07-17,S003,P018,80
2026-07-17,S003,P020,63
2026-07-17,S003,P021,72
2026-07-17,S003,P022,67
2026-07-17,S003,P019,42
2026-07-17,S003,P023,47
2026-07-17,S003,P024,70
2026-07-17,S003,P025,79
2026-07-17,S003,P026,73
2026-07-17,S003,P027,34
2026-07-17,S003,P028,68
2026-07-17,S003,P029,43
2026-07-17,S003,P030,62
2026-07-17,S003,P031,33
2026-07-17,S003,P032,54
2026-07-18,S001,P001,87
2026-07-18,S001,P002,35
2026-07-18,S001,P003,20
2026-07-18,S001,P004,32
2026-07-18,S001,P014,53
2026-07-18,S001,P015,33
2026-07-18,S001,P005,66
2026-07-18,S001,P006,66
2026-07-18,S001,P007,98
2026-07-18,S001,P008,216
2026-07-18,S001,P016,69
2026-07-18,S001,P009,52
2026-07-18,S001,P010,35
2026-07-18,S001,P011,56
2026-07-18,S001,P012,62
2026-07-18,S001,P017,44
2026-07-18,S001,P013,78
2026-07-18,S001,P018,68
2026-07-18,S001,P020,62
2026-07-18,S001,P021,75
2026-07-18,S001,P022,89
2026-07-18,S001,P019,66
2026-07-18,S001,P023,26
2026-07-18,S001,P024,66
2026-07-18,S001,P025,72
2026-07-18,S001,P026,23
2026-07-18,S001,P027,50
2026-07-18,S001,P028,42
2026-07-18,S001,P029,59
2026-07-18,S001,P030,56
2026-07-18,S001,P031,68
2026-07-18,S001,P032,66
2026-07-18,S002,P001,64
2026-07-18,S002,P002,44
2026-07-18,S002,P003,38
2026-07-18,S002,P004,32
2026-07-18,S002,P014,0
2026-07-18,S002,P015,53
2026-07-18,S002,P005,50
2026-07-18,S002,P006,23
2026-07-18,S002,P007,64
2026-07-18,S002,P008,111
2026-07-18,S002,P016,48
2026-07-18,S002,P009,49
2026-07-18,S002,P010,60
2026-07-18,S002,P011,70
2026-07-18,S002,P012,58
2026-07-18,S002,P017,47
2026-07-18,S002,P013,62
2026-07-18,S002,P018,73
2026-07-18,S002,P020,31
2026-07-18,S002,P021,114
2026-07-18,S002,P022,41
2026-07-18,S002,P019,69
2026-07-18,S002,P023,33
2026-07-18,S002,P024,91
2026-07-18,S002,P025,48
2026-07-18,S002,P026,71
2026-07-18,S002,P027,40
2026-07-18,S002,P028,38
2026-07-18,S002,P029,61
2026-07-18,S002,P030,59
2026-07-18,S002,P031,32
2026-07-18,S002,P032,53
2026-07-18,S003,P001,42
2026-07-18,S003,P002,22
2026-07-18,S003,P003,34
2026-07-18,S003,P004,74
2026-07-18,S003,P014,57
2026-07-18,S003,P015,51
2026-07-18,S003,P005,49
2026-07-18,S003,P006,47
2026-07-18,S003,P007,80
2026-07-18,S003,P008,76
2026-07-18,S003,P016,99
2026-07-18,S003,P009,51
2026-07-18,S003,P010,47
2026-07-18,S003,P011,62
2026-07-18,S003,P012,86
2026-07-18,S003,P017,55
2026-07-18,S003,P013,59
2026-07-18,S003,P018,78
2026-07-18,S003,P020,58
2026-07-18,S003,P021,67
2026-07-18,S003,P022,60
2026-07-18,S003,P019,40
2026-07-18,S003,P023,47
2026-07-18,S003,P024,67
2026-07-18,S003,P025,74
2026-07-18,S003,P026,69
2026-07-18,S003,P027,34
2026-07-18,S003,P028,64
2026-07-18,S003,P029,91
2026-07-18,S003,P030,59
2026-07-18,S003,P031,32
2026-07-18,S003,P032,51
2026-07-19,S001,P001,77
2026-07-19,S001,P002,32
2026-07-19,S001,P003,80
2026-07-19,S001,P004,29
2026-07-19,S001,P014,52
2026-07-19,S001,P015,29
2026-07-19,S001,P005,52
2026-07-19,S001,P006,58
2026-07-19,S001,P007,92
2026-07-19,S001,P008,213
2026-07-19,S001,P016,57
2026-07-19,S001,P009,47
2026-07-19,S001,P010,30
2026-07-19,S001,P011,48
2026-07-19,S001,P012,52
2026-07-19,S001,P017,35
2026-07-19,S001,P013,70
2026-07-19,S001,P018,61
2026-07-19,S001,P020,58
2026-07-19,S001,P021,72
2026-07-19,S001,P022,85
2026-07-19,S001,P019,61
2026-07-19,S001,P023,84
2026-07-19,S001,P024,57
2026-07-19,S001,P025,69
2026-07-19,S001,P026,21
2026-07-19,S001,P027,43
2026-07-19,S001,P028,38
2026-07-19,S001,P029,54
2026-07-19,S001,P030,117
2026-07-19,S001,P031,63
2026-07-19,S001,P032,58
2026-07-19,S002,P001,60
2026-07-19,S002,P002,42
2026-07-19,S002,P003,37
2026-07-19,S002,P004,30
2026-07-19,S002,P014,0
2026-07-19,S002,P015,51
2026-07-19,S002,P005,40
2026-07-19,S002,P006,70
2026-07-19,S002,P007,59
2026-07-19,S002,P008,109
2026-07-19,S002,P016,42
2026-07-19,S002,P009,44
2026-07-19,S002,P010,55
2026-07-19,S002,P011,61
2026-07-19,S002,P012,54
2026-07-19,S002,P017,41
2026-07-19,S002,P013,61
2026-07-19,S002,P018,67
2026-07-19,S002,P020,26
2026-07-19,S002,P021,105
2026-07-19,S002,P022,76
2026-07-19,S002,P019,60
2026-07-19,S002,P023,30
2026-07-19,S002,P024,88
2026-07-19,S002,P025,39
2026-07-19,S002,P026,65
2026-07-19,S002,P027,37
2026-07-19,S002,P028,34
2026-07-19,S002,P029,55
2026-07-19,S002,P030,55
2026-07-19,S002,P031,70
2026-07-19,S002,P032,46
2026-07-19,S003,P001,39
2026-07-19,S003,P002,21
2026-07-19,S003,P003,32
2026-07-19,S003,P004,68
2026-07-19,S003,P014,55
2026-07-19,S003,P015,48
2026-07-19,S003,P005,40
2026-07-19,S003,P006,46
2026-07-19,S003,P007,73
2026-07-19,S003,P008,69
2026-07-19,S003,P016,91
2026-07-19,S003,P009,43
2026-07-19,S003,P010,37
2026-07-19,S003,P011,57
2026-07-19,S003,P012,82
2026-07-19,S003,P017,49
2026-07-19,S003,P013,54
2026-07-19,S003,P018,76
2026-07-19,S003,P020,56
2026-07-19,S003,P021,66
2026-07-19,S003,P022,56
2026-07-19,S003,P019,36
2026-07-19,S003,P023,45
2026-07-19,S003,P024,61
2026-07-19,S003,P025,71
2026-07-19,S003,P026,65
2026-07-19,S003,P027,34
2026-07-19,S003,P028,61
2026-07-19,S003,P029,87
2026-07-19,S003,P030,56
2026-07-19,S003,P031,87
2026-07-19,S003,P032,47
2026-07-20,S001,P001,76
2026-07-20,S001,P002,27
2026-07-20,S001,P003,77
2026-07-20,S001,P004,26
2026-07-20,S001,P014,52
2026-07-20,S001,P015,28
2026-07-20,S001,P005,46
2026-07-20,S001,P006,54
2026-07-20,S001,P007,87
2026-07-20,S001,P008,211
2026-07-20,S001,P016,49
2026-07-20,S001,P009,37
2026-07-20,S001,P010,80
2026-07-20,S001,P011,45
2026-07-20,S001,P012,42
2026-07-20,S001,P017,31
2026-07-20,S001,P013,60
2026-07-20,S001,P018,59
2026-07-20,S001,P020,51
2026-07-20,S001,P021,69
2026-07-20,S001,P022,81
2026-07-20,S001,P019,57
2026-07-20,S001,P023,79
2026-07-20,S001,P024,52
2026-07-20,S001,P025,68
2026-07-20,S001,P026,19
2026-07-20,S001,P027,36
2026-07-20,S001,P028,35
2026-07-20,S001,P029,49
2026-07-20,S001,P030,114
2026-07-20,S001,P031,61
2026-07-20,S001,P032,54
2026-07-20,S002,P001,57
2026-07-20,S002,P002,40
2026-07-20,S002,P003,32
2026-07-20,S002,P004,26
2026-07-20,S002,P014,0
2026-07-20,S002,P015,49
2026-07-20,S002,P005,38
2026-07-20,S002,P006,63
2026-07-20,S002,P007,54
2026-07-20,S002,P008,100
2026-07-20,S002,P016,38
2026-07-20,S002,P009,37
2026-07-20,S002,P010,52
2026-07-20,S002,P011,54
2026-07-20,S002,P012,48
2026-07-20,S002,P017,38
2026-07-20,S002,P013,56
2026-07-20,S002,P018,64
2026-07-20,S002,P020,23
2026-07-20,S002,P021,96
2026-07-20,S002,P022,75
2026-07-20,S002,P019,58
2026-07-20,S002,P023,28
2026-07-20,S002,P024,87
2026-07-20,S002,P025,38
2026-07-20,S002,P026,64
2026-07-20,S002,P027,33
2026-07-20,S002,P028,31
2026-07-20,S002,P029,50
2026-07-20,S002,P030,53
2026-07-20,S002,P031,67
2026-07-20,S002,P032,44
2026-07-20,S003,P001,38
2026-07-20,S003,P002,85
2026-07-20,S003,P003,31
2026-07-20,S003,P004,68
2026-07-20,S003,P014,54
2026-07-20,S003,P015,48
2026-07-20,S003,P005,36
2026-07-20,S003,P006,42
2026-07-20,S003,P007,67
2026-07-20,S003,P008,65
2026-07-20,S003,P016,87
2026-07-20,S003,P009,39
2026-07-20,S003,P010,35
2026-07-20,S003,P011,53
2026-07-20,S003,P012,72
2026-07-20,S003,P017,46
2026-07-20,S003,P013,51
2026-07-20,S003,P018,73
2026-07-20,S003,P020,52
2026-07-20,S003,P021,64
2026-07-20,S003,P022,51
2026-07-20,S003,P019,35
2026-07-20,S003,P023,42
2026-07-20,S003,P024,56
2026-07-20,S003,P025,70
2026-07-20,S003,P026,65
2026-07-20,S003,P027,34
2026-07-20,S003,P028,60
2026-07-20,S003,P029,83
2026-07-20,S003,P030,55
2026-07-20,S003,P031,84
2026-07-20,S003,P032,44
2026-07-21,S001,P001,72
2026-07-21,S001,P002,23
2026-07-21,S001,P003,71
2026-07-21,S001,P004,24
2026-07-21,S001,P014,46
2026-07-21,S001,P015,25
2026-07-21,S001,P005,37
2026-07-21,S001,P006,50
2026-07-21,S001,P007,83
2026-07-21,S001,P008,208
2026-07-21,S001,P016,41
2026-07-21,S001,P009,31
2026-07-21,S001,P010,75
2026-07-21,S001,P011,40
2026-07-21,S001,P012,78
2026-07-21,S001,P017,24
2026-07-21,S001,P013,52
2026-07-21,S001,P018,54
2026-07-21,S001,P020,48
2026-07-21,S001,P021,68
2026-07-21,S001,P022,77
2026-07-21,S001,P019,55
2026-07-21,S001,P023,75
2026-07-21,S001,P024,49
2026-07-21,S001,P025,64
2026-07-21,S001,P026,57
2026-07-21,S001,P027,33
2026-07-21,S001,P028,97
2026-07-21,S001,P029,47
2026-07-21,S001,P030,110
2026-07-21,S001,P031,57
2026-07-21,S001,P032,52
2026-07-21,S002,P001,57
2026-07-21,S002,P002,36
2026-07-21,S002,P003,30
2026-07-21,S002,P004,25
2026-07-21,S002,P014,0
2026-07-21,S002,P015,46
2026-07-21,S002,P005,32
2026-07-21,S002,P006,57
2026-07-21,S002,P007,113
2026-07-21,S002,P008,98
2026-07-21,S002,P016,38
2026-07-21,S002,P009,33
2026-07-21,S002,P010,48
2026-07-21,S002,P011,52
2026-07-21,S002,P012,43
2026-07-21,S002,P017,30
2026-07-21,S002,P013,53
2026-07-21,S002,P018,59
2026-07-21,S002,P020,87
2026-07-21,S002,P021,91
2026-07-21,S002,P022,71
2026-07-21,S002,P019,49
2026-07-21,S002,P023,28
2026-07-21,S002,P024,83
2026-07-21,S002,P025,37
2026-07-21,S002,P026,61
2026-07-21,S002,P027,32
2026-07-21,S002,P028,76
2026-07-21,S002,P029,49
2026-07-21,S002,P030,90
2026-07-21,S002,P031,66
2026-07-21,S002,P032,43
2026-07-21,S003,P001,35
2026-07-21,S003,P002,84
2026-07-21,S003,P003,29
2026-07-21,S003,P004,68
2026-07-21,S003,P014,54
2026-07-21,S003,P015,48
2026-07-21,S003,P005,32
2026-07-21,S003,P006,36
2026-07-21,S003,P007,64
2026-07-21,S003,P008,113
2026-07-21,S003,P016,79
2026-07-21,S003,P009,31
2026-07-21,S003,P010,30
2026-07-21,S003,P011,50
2026-07-21,S003,P012,65
2026-07-21,S003,P017,45
2026-07-21,S003,P013,48
2026-07-21,S003,P018,72
2026-07-21,S003,P020,49
2026-07-21,S003,P021,61
2026-07-21,S003,P022,45
2026-07-21,S003,P019,30
2026-07-21,S003,P023,41
2026-07-21,S003,P024,54
2026-07-21,S003,P025,69
2026-07-21,S003,P026,61
2026-07-21,S003,P027,34
2026-07-21,S003,P028,57
2026-07-21,S003,P029,81
2026-07-21,S003,P030,105
2026-07-21,S003,P031,81
2026-07-21,S003,P032,40
2026-07-22,S001,P001,68
2026-07-22,S001,P002,21
2026-07-22,S001,P003,69
2026-07-22,S001,P004,24
2026-07-22,S001,P014,45
2026-07-22,S001,P015,23
2026-07-22,S001,P005,30
2026-07-22,S001,P006,44
2026-07-22,S001,P007,76
2026-07-22,S001,P008,202
2026-07-22,S001,P016,34
2026-07-22,S001,P009,80
2026-07-22,S001,P010,67
2026-07-22,S001,P011,36
2026-07-22,S001,P012,72
2026-07-22,S001,P017,60
2026-07-22,S001,P013,47
2026-07-22,S001,P018,52
2026-07-22,S001,P020,42
2026-07-22,S001,P021,61
2026-07-22,S001,P022,73
2026-07-22,S001,P019,51
2026-07-22,S001,P023,71
2026-07-22,S001,P024,47
2026-07-22,S001,P025,61
2026-07-22,S001,P026,56
2026-07-22,S001,P027,29
2026-07-22,S001,P028,89
2026-07-22,S001,P029,45
2026-07-22,S001,P030,109
2026-07-22,S001,P031,50
2026-07-22,S001,P032,50
2026-07-22,S002,P001,56
2026-07-22,S002,P002,35
2026-07-22,S002,P003,28
2026-07-22,S002,P004,21
2026-07-22,S002,P014,0
2026-07-22,S002,P015,44
2026-07-22,S002,P005,92
2026-07-22,S002,P006,52
2026-07-22,S002,P007,109
2026-07-22,S002,P008,91
2026-07-22,S002,P016,33
2026-07-22,S002,P009,80
2026-07-22,S002,P010,39
2026-07-22,S002,P011,45
2026-07-22,S002,P012,108
2026-07-22,S002,P017,23
2026-07-22,S002,P013,49
2026-07-22,S002,P018,55
2026-07-22,S002,P020,83
2026-07-22,S002,P021,91
2026-07-22,S002,P022,67
2026-07-22,S002,P019,47
2026-07-22,S002,P023,25
2026-07-22,S002,P024,80
2026-07-22,S002,P025,32
2026-07-22,S002,P026,58
2026-07-22,S002,P027,30
2026-07-22,S002,P028,72
2026-07-22,S002,P029,43
2026-07-22,S002,P030,89
2026-07-22,S002,P031,65
2026-07-22,S002,P032,37
2026-07-22,S003,P001,34
2026-07-22,S003,P002,84
2026-07-22,S003,P003,27
2026-07-22,S003,P004,66
2026-07-22,S003,P014,52
2026-07-22,S003,P015,47
2026-07-22,S003,P005,29
2026-07-22,S003,P006,35
2026-07-22,S003,P007,62
2026-07-22,S003,P008,108
2026-07-22,S003,P016,78
2026-07-22,S003,P009,69
2026-07-22,S003,P010,67
2026-07-22,S003,P011,46
2026-07-22,S003,P012,61
2026-07-22,S003,P017,43
2026-07-22,S003,P013,44
2026-07-22,S003,P018,67
2026-07-22,S003,P020,46
2026-07-22,S003,P021,110
2026-07-22,S003,P022,43
2026-07-22,S003,P019,28
2026-07-22,S003,P023,38
2026-07-22,S003,P024,51
2026-07-22,S003,P025,65
2026-07-22,S003,P026,60
2026-07-22,S003,P027,34
2026-07-22,S003,P028,55
2026-07-22,S003,P029,78
2026-07-22,S003,P030,103
2026-07-22,S003,P031,78
2026-07-22,S003,P032,37
2026-07-23,S001,P001,65
2026-07-23,S001,P002,60
2026-07-23,S001,P003,67
2026-07-23,S001,P004,24
2026-07-23,S001,P014,42
2026-07-23,S001,P015,20
2026-07-23,S001,P005,26
2026-07-23,S001,P006,41
2026-07-23,S001,P007,72
2026-07-23,S001,P008,196
2026-07-23,S001,P016,80
2026-07-23,S001,P009,76
2026-07-23,S001,P010,64
2026-07-23,S001,P011,31
2026-07-23,S001,P012,63
2026-07-23,S001,P017,55
2026-07-23,S001,P013,44
2026-07-23,S001,P018,46
2026-07-23,S001,P020,36
2026-07-23,S001,P021,105
2026-07-23,S001,P022,67
2026-07-23,S001,P019,46
2026-07-23,S001,P023,68
2026-07-23,S001,P024,45
2026-07-23,S001,P025,60
2026-07-23,S001,P026,54
2026-07-23,S001,P027,25
2026-07-23,S001,P028,84
2026-07-23,S001,P029,109
2026-07-23,S001,P030,104
2026-07-23,S001,P031,44
2026-07-23,S001,P032,47
2026-07-23,S002,P001,52
2026-07-23,S002,P002,34
2026-07-23,S002,P003,25
2026-07-23,S002,P004,21
2026-07-23,S002,P014,0
2026-07-23,S002,P015,43
2026-07-23,S002,P005,86
2026-07-23,S002,P006,42
2026-07-23,S002,P007,105
2026-07-23,S002,P008,88
2026-07-23,S002,P016,90
2026-07-23,S002,P009,74
2026-07-23,S002,P010,32
2026-07-23,S002,P011,40
2026-07-23,S002,P012,102
2026-07-23,S002,P017,21
2026-07-23,S002,P013,46
2026-07-23,S002,P018,53
2026-07-23,S002,P020,81
2026-07-23,S002,P021,87
2026-07-23,S002,P022,63
2026-07-23,S002,P019,40
2026-07-23,S002,P023,24
2026-07-23,S002,P024,78
2026-07-23,S002,P025,28
2026-07-23,S002,P026,56
2026-07-23,S002,P027,28
2026-07-23,S002,P028,70
2026-07-23,S002,P029,41
2026-07-23,S002,P030,86
2026-07-23,S002,P031,63
2026-07-23,S002,P032,34
2026-07-23,S003,P001,33
2026-07-23,S003,P002,82
2026-07-23,S003,P003,25
2026-07-23,S003,P004,64
2026-07-23,S003,P014,51
2026-07-23,S003,P015,45
2026-07-23,S003,P005,27
2026-07-23,S003,P006,30
2026-07-23,S003,P007,57
2026-07-23,S003,P008,106
2026-07-23,S003,P016,75
2026-07-23,S003,P009,64
2026-07-23,S003,P010,60
2026-07-23,S003,P011,39
2026-07-23,S003,P012,61
2026-07-23,S003,P017,41
2026-07-23,S003,P013,41
2026-07-23,S003,P018,60
2026-07-23,S003,P020,42
2026-07-23,S003,P021,104
2026-07-23,S003,P022,40
2026-07-23,S003,P019,90
2026-07-23,S003,P023,37
2026-07-23,S003,P024,49
2026-07-23,S003,P025,63
2026-07-23,S003,P026,59
2026-07-23,S003,P027,34
2026-07-23,S003,P028,55
2026-07-23,S003,P029,77
2026-07-23,S003,P030,101
2026-07-23,S003,P031,77
2026-07-23,S003,P032,35
2026-07-24,S001,P001,64
2026-07-24,S001,P002,59
2026-07-24,S001,P003,65
2026-07-24,S001,P004,21
2026-07-24,S001,P014,39
2026-07-24,S001,P015,20
2026-07-24,S001,P005,69
2026-07-24,S001,P006,33
2026-07-24,S001,P007,69
2026-07-24,S001,P008,193
2026-07-24,S001,P016,71
2026-07-24,S001,P009,68
2026-07-24,S001,P010,53
2026-07-24,S001,P011,74
2026-07-24,S001,P012,56
2026-07-24,S001,P017,49
2026-07-24,S001,P013,44
2026-07-24,S001,P018,42
2026-07-24,S001,P020,30
2026-07-24,S001,P021,99
2026-07-24,S001,P022,65
2026-07-24,S001,P019,41
2026-07-24,S001,P023,68
2026-07-24,S001,P024,44
2026-07-24,S001,P025,56
2026-07-24,S001,P026,53
2026-07-24,S001,P027,20
2026-07-24,S001,P028,80
2026-07-24,S001,P029,103
2026-07-24,S001,P030,99
2026-07-24,S001,P031,40
2026-07-24,S001,P032,45
2026-07-24,S002,P001,49
2026-07-24,S002,P002,34
2026-07-24,S002,P003,24
2026-07-24,S002,P004,20
2026-07-24,S002,P014,0
2026-07-24,S002,P015,42
2026-07-24,S002,P005,82
2026-07-24,S002,P006,37
2026-07-24,S002,P007,102
2026-07-24,S002,P008,84
2026-07-24,S002,P016,87
2026-07-24,S002,P009,65
2026-07-24,S002,P010,30
2026-07-24,S002,P011,33
2026-07-24,S002,P012,97
2026-07-24,S002,P017,68
2026-07-24,S002,P013,41
2026-07-24,S002,P018,43
2026-07-24,S002,P020,79
2026-07-24,S002,P021,86
2026-07-24,S002,P022,60
2026-07-24,S002,P019,35
2026-07-24,S002,P023,82
2026-07-24,S002,P024,78
2026-07-24,S002,P025,27
2026-07-24,S002,P026,54
2026-07-24,S002,P027,24
2026-07-24,S002,P028,67
2026-07-24,S002,P029,41
2026-07-24,S002,P030,81
2026-07-24,S002,P031,60
2026-07-24,S002,P032,33
2026-07-24,S003,P001,32
2026-07-24,S003,P002,81
2026-07-24,S003,P003,22
2026-07-24,S003,P004,61
2026-07-24,S003,P014,51
2026-07-24,S003,P015,44
2026-07-24,S003,P005,94
2026-07-24,S003,P006,24
2026-07-24,S003,P007,53
2026-07-24,S003,P008,102
2026-07-24,S003,P016,63
2026-07-24,S003,P009,61
2026-07-24,S003,P010,54
2026-07-24,S003,P011,36
2026-07-24,S003,P012,57
2026-07-24,S003,P017,39
2026-07-24,S003,P013,37
2026-07-24,S003,P018,55
2026-07-24,S003,P020,40
2026-07-24,S003,P021,102
2026-07-24,S003,P022,40
2026-07-24,S003,P019,86
2026-07-24,S003,P023,36
2026-07-24,S003,P024,48
2026-07-24,S003,P025,61
2026-07-24,S003,P026,56
2026-07-24,S003,P027,34
2026-07-24,S003,P028,52
2026-07-24,S003,P029,74
2026-07-24,S003,P030,100
2026-07-24,S003,P031,75
2026-07-24,S003,P032,34
2026-07-25,S001,P001,62
2026-07-25,S001,P002,57
2026-07-25,S001,P003,64
2026-07-25,S001,P004,80
2026-07-25,S001,P014,37
2026-07-25,S001,P015,18
2026-07-25,S001,P005,65
2026-07-25,S001,P006,25
2026-07-25,S001,P007,58
2026-07-25,S001,P008,188
2026-07-25,S001,P016,63
2026-07-25,S001,P009,62
2026-07-25,S001,P010,45
2026-07-25,S001,P011,63
2026-07-25,S001,P012,51
2026-07-25,S001,P017,42
2026-07-25,S001,P013,35
2026-07-25,S001,P018,38
2026-07-25,S001,P020,25
2026-07-25,S001,P021,95
2026-07-25,S001,P022,60
2026-07-25,S001,P019,37
2026-07-25,S001,P023,66
2026-07-25,S001,P024,39
2026-07-25,S001,P025,53
2026-07-25,S001,P026,45
2026-07-25,S001,P027,18
2026-07-25,S001,P028,78
2026-07-25,S001,P029,97
2026-07-25,S001,P030,94
2026-07-25,S001,P031,37
2026-07-25,S001,P032,39
2026-07-25,S002,P001,47
2026-07-25,S002,P002,30
2026-07-25,S002,P003,16
2026-07-25,S002,P004,81
2026-07-25,S002,P014,0
2026-07-25,S002,P015,38
2026-07-25,S002,P005,77
2026-07-25,S002,P006,32
2026-07-25,S002,P007,99
2026-07-25,S002,P008,73
2026-07-25,S002,P016,81
2026-07-25,S002,P009,57
2026-07-25,S002,P010,26
2026-07-25,S002,P011,77
2026-07-25,S002,P012,91
2026-07-25,S002,P017,61
2026-07-25,S002,P013,32
2026-07-25,S002,P018,37
2026-07-25,S002,P020,78
2026-07-25,S002,P021,79
2026-07-25,S002,P022,55
2026-07-25,S002,P019,33
2026-07-25,S002,P023,79
2026-07-25,S002,P024,71
2026-07-25,S002,P025,22
2026-07-25,S002,P026,49
2026-07-25,S002,P027,20
2026-07-25,S002,P028,65
2026-07-25,S002,P029,99
2026-07-25,S002,P030,74
2026-07-25,S002,P031,56
2026-07-25,S002,P032,31
2026-07-25,S003,P001,31
2026-07-25,S003,P002,79
2026-07-25,S003,P003,20
2026-07-25,S003,P004,58
2026-07-25,S003,P014,49
2026-07-25,S003,P015,42
2026-07-25,S003,P005,89
2026-07-25,S003,P006,80
2026-07-25,S003,P007,101
2026-07-25,S003,P008,93
2026-07-25,S003,P016,60
2026-07-25,S003,P009,57
2026-07-25,S003,P010,52
2026-07-25,S003,P011,34
2026-07-25,S003,P012,46
2026-07-25,S003,P017,34
2026-07-25,S003,P013,31
2026-07-25,S003,P018,52
2026-07-25,S003,P020,33
2026-07-25,S003,P021,96
2026-07-25,S003,P022,79
2026-07-25,S003,P019,83
2026-07-25,S003,P023,31
2026-07-25,S003,P024,45
2026-07-25,S003,P025,56
2026-07-25,S003,P026,55
2026-07-25,S003,P027,34
2026-07-25,S003,P028,49
2026-07-25,S003,P029,71
2026-07-25,S003,P030,96
2026-07-25,S003,P031,68
2026-07-25,S003,P032,32
2026-07-26,S001,P001,61
2026-07-26,S001,P002,55
2026-07-26,S001,P003,60
2026-07-26,S001,P004,78
2026-07-26,S001,P014,34
2026-07-26,S001,P015,14
2026-07-26,S001,P005,56
2026-07-26,S001,P006,60
2026-07-26,S001,P007,99
2026-07-26,S001,P008,186
2026-07-26,S001,P016,52
2026-07-26,S001,P009,50
2026-07-26,S001,P010,38
2026-07-26,S001,P011,54
2026-07-26,S001,P012,44
2026-07-26,S001,P017,30
2026-07-26,S001,P013,74
2026-07-26,S001,P018,31
2026-07-26,S001,P020,90
2026-07-26,S001,P021,90
2026-07-26,S001,P022,58
2026-07-26,S001,P019,33
2026-07-26,S001,P023,62
2026-07-26,S001,P024,34
2026-07-26,S001,P025,49
2026-07-26,S001,P026,44
2026-07-26,S001,P027,50
2026-07-26,S001,P028,76
2026-07-26,S001,P029,94
2026-07-26,S001,P030,88
2026-07-26,S001,P031,32
2026-07-26,S001,P032,32
2026-07-26,S002,P001,46
2026-07-26,S002,P002,28
2026-07-26,S002,P003,71
2026-07-26,S002,P004,77
2026-07-26,S002,P014,0
2026-07-26,S002,P015,37
2026-07-26,S002,P005,70
2026-07-26,S002,P006,25
2026-07-26,S002,P007,94
2026-07-26,S002,P008,68
2026-07-26,S002,P016,72
2026-07-26,S002,P009,49
2026-07-26,S002,P010,85
2026-07-26,S002,P011,71
2026-07-26,S002,P012,86
2026-07-26,S002,P017,55
2026-07-26,S002,P013,85
2026-07-26,S002,P018,33
2026-07-26,S002,P020,72
2026-07-26,S002,P021,74
2026-07-26,S002,P022,49
2026-07-26,S002,P019,30
2026-07-26,S002,P023,76
2026-07-26,S002,P024,67
2026-07-26,S002,P025,58
2026-07-26,S002,P026,49
2026-07-26,S002,P027,19
2026-07-26,S002,P028,61
2026-07-26,S002,P029,94
2026-07-26,S002,P030,69
2026-07-26,S002,P031,51
2026-07-26,S002,P032,24
2026-07-26,S003,P001,93
2026-07-26,S003,P002,77
2026-07-26,S003,P003,18
2026-07-26,S003,P004,56
2026-07-26,S003,P014,47
2026-07-26,S003,P015,39
2026-07-26,S003,P005,84
2026-07-26,S003,P006,73
2026-07-26,S003,P007,94
2026-07-26,S003,P008,88
2026-07-26,S003,P016,56
2026-07-26,S003,P009,47
2026-07-26,S003,P010,46
2026-07-26,S003,P011,30
2026-07-26,S003,P012,42
2026-07-26,S003,P017,30
2026-07-26,S003,P013,78
2026-07-26,S003,P018,47
2026-07-26,S003,P020,30
2026-07-26,S003,P021,88
2026-07-26,S003,P022,77
2026-07-26,S003,P019,79
2026-07-26,S003,P023,30
2026-07-26,S003,P024,42
2026-07-26,S003,P025,53
2026-07-26,S003,P026,48
2026-07-26,S003,P027,33
2026-07-26,S003,P028,46
2026-07-26,S003,P029,69
2026-07-26,S003,P030,90
2026-07-26,S003,P031,67
2026-07-26,S003,P032,29
2026-07-27,S001,P001,58
2026-07-27,S001,P002,52
2026-07-27,S001,P003,52
2026-07-27,S001,P004,77
2026-07-27,S001,P014,33
2026-07-27,S001,P015,52
2026-07-27,S001,P005,50
2026-07-27,S001,P006,55
2026-07-27,S001,P007,98
2026-07-27,S001,P008,183
2026-07-27,S001,P016,44
2026-07-27,S001,P009,48
2026-07-27,S001,P010,31
2026-07-27,S001,P011,50
2026-07-27,S001,P012,81
2026-07-27,S001,P017,23
2026-07-27,S001,P013,71
2026-07-27,S001,P018,29
2026-07-27,S001,P020,81
2026-07-27,S001,P021,83
2026-07-27,S001,P022,54
2026-07-27,S001,P019,33
2026-07-27,S001,P023,62
2026-07-27,S001,P024,31
2026-07-27,S001,P025,46
2026-07-27,S001,P026,37
2026-07-27,S001,P027,46
2026-07-27,S001,P028,74
2026-07-27,S001,P029,88
2026-07-27,S001,P030,87
2026-07-27,S001,P031,88
2026-07-27,S001,P032,28
2026-07-27,S002,P001,45
2026-07-27,S002,P002,27
2026-07-27,S002,P003,68
2026-07-27,S002,P004,75
2026-07-27,S002,P014,0
2026-07-27,S002,P015,36
2026-07-27,S002,P005,66
2026-07-27,S002,P006,75
2026-07-27,S002,P007,92
2026-07-27,S002,P008,63
2026-07-27,S002,P016,66
2026-07-27,S002,P009,47
2026-07-27,S002,P010,80
2026-07-27,S002,P011,66
2026-07-27,S002,P012,79
2026-07-27,S002,P017,47
2026-07-27,S002,P013,80
2026-07-27,S002,P018,28
2026-07-27,S002,P020,72
2026-07-27,S002,P021,70
2026-07-27,S002,P022,43
2026-07-27,S002,P019,26
2026-07-27,S002,P023,71
2026-07-27,S002,P024,66
2026-07-27,S002,P025,55
2026-07-27,S002,P026,47
2026-07-27,S002,P027,17
2026-07-27,S002,P028,60
2026-07-27,S002,P029,90
2026-07-27,S002,P030,66
2026-07-27,S002,P031,46
2026-07-27,S002,P032,22
2026-07-27,S003,P001,92
2026-07-27,S003,P002,77
2026-07-27,S003,P003,17
2026-07-27,S003,P004,55
2026-07-27,S003,P014,44
2026-07-27,S003,P015,37
2026-07-27,S003,P005,79
2026-07-27,S003,P006,65
2026-07-27,S003,P007,90
2026-07-27,S003,P008,86
2026-07-27,S003,P016,52
2026-07-27,S003,P009,38
2026-07-27,S003,P010,41
2026-07-27,S003,P011,26
2026-07-27,S003,P012,96
2026-07-27,S003,P017,22
2026-07-27,S003,P013,77
2026-07-27,S003,P018,44
2026-07-27,S003,P020,25
2026-07-27,S003,P021,87
2026-07-27,S003,P022,74
2026-07-27,S003,P019,77
2026-07-27,S003,P023,27
2026-07-27,S003,P024,41
2026-07-27,S003,P025,51
2026-07-27,S003,P026,47
2026-07-27,S003,P027,33
2026-07-27,S003,P028,43
2026-07-27,S003,P029,67
2026-07-27,S003,P030,89
2026-07-27,S003,P031,65
2026-07-27,S003,P032,26
2026-07-28,S001,P001,55
2026-07-28,S001,P002,49
2026-07-28,S001,P003,45
2026-07-28,S001,P004,74
2026-07-28,S001,P014,32
2026-07-28,S001,P015,51
2026-07-28,S001,P005,45
2026-07-28,S001,P006,48
2026-07-28,S001,P007,95
2026-07-28,S001,P008,176
2026-07-28,S001,P016,36
2026-07-28,S001,P009,43
2026-07-28,S001,P010,27
2026-07-28,S001,P011,44
2026-07-28,S001,P012,69
2026-07-28,S001,P017,87
2026-07-28,S001,P013,67
2026-07-28,S001,P018,89
2026-07-28,S001,P020,77
2026-07-28,S001,P021,79
2026-07-28,S001,P022,50
2026-07-28,S001,P019,29
2026-07-28,S001,P023,60
2026-07-28,S001,P024,27
2026-07-28,S001,P025,45
2026-07-28,S001,P026,33
2026-07-28,S001,P027,43
2026-07-28,S001,P028,66
2026-07-28,S001,P029,85
2026-07-28,S001,P030,85
2026-07-28,S001,P031,86
2026-07-28,S001,P032,23
2026-07-28,S002,P001,42
2026-07-28,S002,P002,26
2026-07-28,S002,P003,64
2026-07-28,S002,P004,72
2026-07-28,S002,P014,0
2026-07-28,S002,P015,36
2026-07-28,S002,P005,59
2026-07-28,S002,P006,73
2026-07-28,S002,P007,86
2026-07-28,S002,P008,114
2026-07-28,S002,P016,63
2026-07-28,S002,P009,42
2026-07-28,S002,P010,75
2026-07-28,S002,P011,62
2026-07-28,S002,P012,78
2026-07-28,S002,P017,41
2026-07-28,S002,P013,74
2026-07-28,S002,P018,68
2026-07-28,S002,P020,68
2026-07-28,S002,P021,65
2026-07-28,S002,P022,37
2026-07-28,S002,P019,66
2026-07-28,S002,P023,67
2026-07-28,S002,P024,65
2026-07-28,S002,P025,53
2026-07-28,S002,P026,44
2026-07-28,S002,P027,82
2026-07-28,S002,P028,60
2026-07-28,S002,P029,89
2026-07-28,S002,P030,65
2026-07-28,S002,P031,45
2026-07-28,S002,P032,22
2026-07-28,S003,P001,91
2026-07-28,S003,P002,77
2026-07-28,S003,P003,16
2026-07-28,S003,P004,55
2026-07-28,S003,P014,43
2026-07-28,S003,P015,36
2026-07-28,S003,P005,72
2026-07-28,S003,P006,59
2026-07-28,S003,P007,82
2026-07-28,S003,P008,78
2026-07-28,S003,P016,45
2026-07-28,S003,P009,34
2026-07-28,S003,P010,35
2026-07-28,S003,P011,78
2026-07-28,S003,P012,89
2026-07-28,S003,P017,58
2026-07-28,S003,P013,76
2026-07-28,S003,P018,42
2026-07-28,S003,P020,23
2026-07-28,S003,P021,85
2026-07-28,S003,P022,72
2026-07-28,S003,P019,76
2026-07-28,S003,P023,24
2026-07-28,S003,P024,37
2026-07-28,S003,P025,50
2026-07-28,S003,P026,45
2026-07-28,S003,P027,33
2026-07-28,S003,P028,42
2026-07-28,S003,P029,66
2026-07-28,S003,P030,88
2026-07-28,S003,P031,63
2026-07-28,S003,P032,24
2026-07-29,S001,P001,54
2026-07-29,S001,P002,48
2026-07-29,S001,P003,38
2026-07-29,S001,P004,73
2026-07-29,S001,P014,29
2026-07-29,S001,P015,50
2026-07-29,S001,P005,40
2026-07-29,S001,P006,41
2026-07-29,S001,P007,90
2026-07-29,S001,P008,170
2026-07-29,S001,P016,31
2026-07-29,S001,P009,37
2026-07-29,S001,P010,86
2026-07-29,S001,P011,42
2026-07-29,S001,P012,64
2026-07-29,S001,P017,79
2026-07-29,S001,P013,61
2026-07-29,S001,P018,84
2026-07-29,S001,P020,74
2026-07-29,S001,P021,76
2026-07-29,S001,P022,48
2026-07-29,S001,P019,69
2026-07-29,S001,P023,59
2026-07-29,S001,P024,67
2026-07-29,S001,P025,43
2026-07-29,S001,P026,32
2026-07-29,S001,P027,40
2026-07-29,S001,P028,61
2026-07-29,S001,P029,83
2026-07-29,S001,P030,81
2026-07-29,S001,P031,82
2026-07-29,S001,P032,76
2026-07-29,S002,P001,41
2026-07-29,S002,P002,25
2026-07-29,S002,P003,62
2026-07-29,S002,P004,69
2026-07-29,S002,P014,0
2026-07-29,S002,P015,34
2026-07-29,S002,P005,56
2026-07-29,S002,P006,67
2026-07-29,S002,P007,79
2026-07-29,S002,P008,109
2026-07-29,S002,P016,57
2026-07-29,S002,P009,38
2026-07-29,S002,P010,71
2026-07-29,S002,P011,57
2026-07-29,S002,P012,73
2026-07-29,S002,P017,38
2026-07-29,S002,P013,70
2026-07-29,S002,P018,64
2026-07-29,S002,P020,62
2026-07-29,S002,P021,63
2026-07-29,S002,P022,73
2026-07-29,S002,P019,63
2026-07-29,S002,P023,62
2026-07-29,S002,P024,63
2026-07-29,S002,P025,51
2026-07-29,S002,P026,43
2026-07-29,S002,P027,76
2026-07-29,S002,P028,50
2026-07-29,S002,P029,88
2026-07-29,S002,P030,62
2026-07-29,S002,P031,39
2026-07-29,S002,P032,79
2026-07-29,S003,P001,90
2026-07-29,S003,P002,77
2026-07-29,S003,P003,82
2026-07-29,S003,P004,52
2026-07-29,S003,P014,40
2026-07-29,S003,P015,36
2026-07-29,S003,P005,66
2026-07-29,S003,P006,53
2026-07-29,S003,P007,77
2026-07-29,S003,P008,73
2026-07-29,S003,P016,40
2026-07-29,S003,P009,75
2026-07-29,S003,P010,30
2026-07-29,S003,P011,75
2026-07-29,S003,P012,87
2026-07-29,S003,P017,53
2026-07-29,S003,P013,76
2026-07-29,S003,P018,39
2026-07-29,S003,P020,71
2026-07-29,S003,P021,83
2026-07-29,S003,P022,72
2026-07-29,S003,P019,76
2026-07-29,S003,P023,23
2026-07-29,S003,P024,35
2026-07-29,S003,P025,49
2026-07-29,S003,P026,44
2026-07-29,S003,P027,33
2026-07-29,S003,P028,39
2026-07-29,S003,P029,65
2026-07-29,S003,P030,87
2026-07-29,S003,P031,61
2026-07-29,S003,P032,22
2026-07-30,S001,P001,53
2026-07-30,S001,P002,47
2026-07-30,S001,P003,35
2026-07-30,S001,P004,73
2026-07-30,S001,P014,27
2026-07-30,S001,P015,49
2026-07-30,S001,P005,34
2026-07-30,S001,P006,37
2026-07-30,S001,P007,86
2026-07-30,S001,P008,166
2026-07-30,S001,P016,69
2026-07-30,S001,P009,98
2026-07-30,S001,P010,75
2026-07-30,S001,P011,40
2026-07-30,S001,P012,55
2026-07-30,S001,P017,71
2026-07-30,S001,P013,59
2026-07-30,S001,P018,78
2026-07-30,S001,P020,71
2026-07-30,S001,P021,71
2026-07-30,S001,P022,46
2026-07-30,S001,P019,68
2026-07-30,S001,P023,57
2026-07-30,S001,P024,62
2026-07-30,S001,P025,40
2026-07-30,S001,P026,31
2026-07-30,S001,P027,39
2026-07-30,S001,P028,55
2026-07-30,S001,P029,80
2026-07-30,S001,P030,75
2026-07-30,S001,P031,81
2026-07-30,S001,P032,70
2026-07-30,S002,P001,38
2026-07-30,S002,P002,25
2026-07-30,S002,P003,60
2026-07-30,S002,P004,66
2026-07-30,S002,P014,0
2026-07-30,S002,P015,32
2026-07-30,S002,P005,51
2026-07-30,S002,P006,63
2026-07-30,S002,P007,67
2026-07-30,S002,P008,108
2026-07-30,S002,P016,53
2026-07-30,S002,P009,32
2026-07-30,S002,P010,67
2026-07-30,S002,P011,50
2026-07-30,S002,P012,68
2026-07-30,S002,P017,34
2026-07-30,S002,P013,64
2026-07-30,S002,P018,62
2026-07-30,S002,P020,57
2026-07-30,S002,P021,61
2026-07-30,S002,P022,71
2026-07-30,S002,P019,59
2026-07-30,S002,P023,61
2026-07-30,S002,P024,60
2026-07-30,S002,P025,48
2026-07-30,S002,P026,40
2026-07-30,S002,P027,73
2026-07-30,S002,P028,46
2026-07-30,S002,P029,85
2026-07-30,S002,P030,58
2026-07-30,S002,P031,37
2026-07-30,S002,P032,75
2026-07-30,S003,P001,90
2026-07-30,S003,P002,76
2026-07-30,S003,P003,80
2026-07-30,S003,P004,51
2026-07-30,S003,P014,39
2026-07-30,S003,P015,34
2026-07-30,S003,P005,61
2026-07-30,S003,P006,48
2026-07-30,S003,P007,76
2026-07-30,S003,P008,64
2026-07-30,S003,P016,35
2026-07-30,S003,P009,71
2026-07-30,S003,P010,29
2026-07-30,S003,P011,70
2026-07-30,S003,P012,81
2026-07-30,S003,P017,51
2026-07-30,S003,P013,73
2026-07-30,S003,P018,36
2026-07-30,S003,P020,70
2026-07-30,S003,P021,82
2026-07-30,S003,P022,70
2026-07-30,S003,P019,74
2026-07-30,S003,P023,88
2026-07-30,S003,P024,33
2026-07-30,S003,P025,49
2026-07-30,S003,P026,43
2026-07-30,S003,P027,33
2026-07-30,S003,P028,39
2026-07-30,S003,P029,62
2026-07-30,S003,P030,85
2026-07-30,S003,P031,61
2026-07-30,S003,P032,21
2026-07-31,S001,P001,49
2026-07-31,S001,P002,46
2026-07-31,S001,P003,33
2026-07-31,S001,P004,72
2026-07-31,S001,P014,80
2026-07-31,S001,P015,48
2026-07-31,S001,P005,28
2026-07-31,S001,P006,33
2026-07-31,S001,P007,78
2026-07-31,S001,P008,159
2026-07-31,S001,P016,64
2026-07-31,S001,P009,94
2026-07-31,S001,P010,71
2026-07-31,S001,P011,36
2026-07-31,S001,P012,53
2026-07-31,S001,P017,64
2026-07-31,S001,P013,54
2026-07-31,S001,P018,74
2026-07-31,S001,P020,69
2026-07-31,S001,P021,69
2026-07-31,S001,P022,45
2026-07-31,S001,P019,64
2026-07-31,S001,P023,54
2026-07-31,S001,P024,61
2026-07-31,S001,P025,39
2026-07-31,S001,P026,27
2026-07-31,S001,P027,36
2026-07-31,S001,P028,49
2026-07-31,S001,P029,75
2026-07-31,S001,P030,70
2026-07-31,S001,P031,78
2026-07-31,S001,P032,68
2026-07-31,S002,P001,37
2026-07-31,S002,P002,24
2026-07-31,S002,P003,56
2026-07-31,S002,P004,64
2026-07-31,S002,P014,0
2026-07-31,S002,P015,28
2026-07-31,S002,P005,49
2026-07-31,S002,P006,58
2026-07-31,S002,P007,61
2026-07-31,S002,P008,106
2026-07-31,S002,P016,43
2026-07-31,S002,P009,74
2026-07-31,S002,P010,65
2026-07-31,S002,P011,45
2026-07-31,S002,P012,61
2026-07-31,S002,P017,29
2026-07-31,S002,P013,63
2026-07-31,S002,P018,59
2026-07-31,S002,P020,55
2026-07-31,S002,P021,115
2026-07-31,S002,P022,68
2026-07-31,S002,P019,58
2026-07-31,S002,P023,57
2026-07-31,S002,P024,54
2026-07-31,S002,P025,47
2026-07-31,S002,P026,36
2026-07-31,S002,P027,70
2026-07-31,S002,P028,44
2026-07-31,S002,P029,81
2026-07-31,S002,P030,56
2026-07-31,S002,P031,34
2026-07-31,S002,P032,71
2026-07-31,S003,P001,89
2026-07-31,S003,P002,75
2026-07-31,S003,P003,78
2026-07-31,S003,P004,50
2026-07-31,S003,P014,39
2026-07-31,S003,P015,32
2026-07-31,S003,P005,60
2026-07-31,S003,P006,42
2026-07-31,S003,P007,70
2026-07-31,S003,P008,118
2026-07-31,S003,P016,69
2026-07-31,S003,P009,66
2026-07-31,S003,P010,26
2026-07-31,S003,P011,65
2026-07-31,S003,P012,75
2026-07-31,S003,P017,44
2026-07-31,S003,P013,69
2026-07-31,S003,P018,32
2026-07-31,S003,P020,66
2026-07-31,S003,P021,81
2026-07-31,S003,P022,66
2026-07-31,S003,P019,73
2026-07-31,S003,P023,86
2026-07-31,S003,P024,32
2026-07-31,S003,P025,46
2026-07-31,S003,P026,42
2026-07-31,S003,P027,33
2026-07-31,S003,P028,37
2026-07-31,S003,P029,59
2026-07-31,S003,P030,84
2026-07-31,S003,P031,57
2026-07-31,S003,P032,77
2026-08-01,S001,P001,48
2026-08-01,S001,P002,43
2026-08-01,S001,P003,30
2026-08-01,S001,P004,69
2026-08-01,S001,P014,78
2026-08-01,S001,P015,46
2026-08-01,S001,P005,63
2026-08-01,S001,P006,27
2026-08-01,S001,P007,64
2026-08-01,S001,P008,155
2026-08-01,S001,P016,57
2026-08-01,S001,P009,89
2026-08-01,S001,P010,63
2026-08-01,S001,P011,31
2026-08-01,S001,P012,44
2026-08-01,S001,P017,56
2026-08-01,S001,P013,47
2026-08-01,S001,P018,69
2026-08-01,S001,P020,61
2026-08-01,S001,P021,65
2026-08-01,S001,P022,41
2026-08-01,S001,P019,63
2026-08-01,S001,P023,51
2026-08-01,S001,P024,58
2026-08-01,S001,P025,34
2026-08-01,S001,P026,23
2026-08-01,S001,P027,33
2026-08-01,S001,P028,45
2026-08-01,S001,P029,69
2026-08-01,S001,P030,66
2026-08-01,S001,P031,74
2026-08-01,S001,P032,65
2026-08-01,S002,P001,34
2026-08-01,S002,P002,21
2026-08-01,S002,P003,54
2026-08-01,S002,P004,63
2026-08-01,S002,P014,0
2026-08-01,S002,P015,26
2026-08-01,S002,P005,43
2026-08-01,S002,P006,51
2026-08-01,S002,P007,53
2026-08-01,S002,P008,103
2026-08-01,S002,P016,32
2026-08-01,S002,P009,68
2026-08-01,S002,P010,57
2026-08-01,S002,P011,39
2026-08-01,S002,P012,56
2026-08-01,S002,P017,24
2026-08-01,S002,P013,57
2026-08-01,S002,P018,55
2026-08-01,S002,P020,52
2026-08-01,S002,P021,107
2026-08-01,S002,P022,63
2026-08-01,S002,P019,56
2026-08-01,S002,P023,55
2026-08-01,S002,P024,51
2026-08-01,S002,P025,45
2026-08-01,S002,P026,33
2026-08-01,S002,P027,68
2026-08-01,S002,P028,39
2026-08-01,S002,P029,79
2026-08-01,S002,P030,52
2026-08-01,S002,P031,82
2026-08-01,S002,P032,68
2026-08-01,S003,P001,86
2026-08-01,S003,P002,73
2026-08-01,S003,P003,73
2026-08-01,S003,P004,46
2026-08-01,S003,P014,38
2026-08-01,S003,P015,31
2026-08-01,S003,P005,58
2026-08-01,S003,P006,38
2026-08-01,S003,P007,69
2026-08-01,S003,P008,112
2026-08-01,S003,P016,62
2026-08-01,S003,P009,63
2026-08-01,S003,P010,80
2026-08-01,S003,P011,60
2026-08-01,S003,P012,71
2026-08-01,S003,P017,40
2026-08-01,S003,P013,66
2026-08-01,S003,P018,29
2026-08-01,S003,P020,63
2026-08-01,S003,P021,77
2026-08-01,S003,P022,64
2026-08-01,S003,P019,70
2026-08-01,S003,P023,84
2026-08-01,S003,P024,28
2026-08-01,S003,P025,43
2026-08-01,S003,P026,41
2026-08-01,S003,P027,33
2026-08-01,S003,P028,31
2026-08-01,S003,P029,57
2026-08-01,S003,P030,81
2026-08-01,S003,P031,57
2026-08-01,S003,P032,71
2026-08-02,S001,P001,46
2026-08-02,S001,P002,40
2026-08-02,S001,P003,25
2026-08-02,S001,P004,65
2026-08-02,S001,P014,73
2026-08-02,S001,P015,43
2026-08-02,S001,P005,56
2026-08-02,S001,P006,75
2026-08-02,S001,P007,54
2026-08-02,S001,P008,149
2026-08-02,S001,P016,50
2026-08-02,S001,P009,74
2026-08-02,S001,P010,52
2026-08-02,S001,P011,81
2026-08-02,S001,P012,90
2026-08-02,S001,P017,50
2026-08-02,S001,P013,41
2026-08-02,S001,P018,66
2026-08-02,S001,P020,53
2026-08-02,S001,P021,61
2026-08-02,S001,P022,84
2026-08-02,S001,P019,61
2026-08-02,S001,P023,49
2026-08-02,S001,P024,53
2026-08-02,S001,P025,30
2026-08-02,S001,P026,20
2026-08-02,S001,P027,27
2026-08-02,S001,P028,38
2026-08-02,S001,P029,65
2026-08-02,S001,P030,63
2026-08-02,S001,P031,66
2026-08-02,S001,P032,58
2026-08-02,S002,P001,99
2026-08-02,S002,P002,67
2026-08-02,S002,P003,52
2026-08-02,S002,P004,55
2026-08-02,S002,P014,0
2026-08-02,S002,P015,21
2026-08-02,S002,P005,34
2026-08-02,S002,P006,45
2026-08-02,S002,P007,94
2026-08-02,S002,P008,94
2026-08-02,S002,P016,85
2026-08-02,S002,P009,62
2026-08-02,S002,P010,45
2026-08-02,S002,P011,31
2026-08-02,S002,P012,47
2026-08-02,S002,P017,22
2026-08-02,S002,P013,49
2026-08-02,S002,P018,50
2026-08-02,S002,P020,48
2026-08-02,S002,P021,101
2026-08-02,S002,P022,60
2026-08-02,S002,P019,51
2026-08-02,S002,P023,54
2026-08-02,S002,P024,46
2026-08-02,S002,P025,41
2026-08-02,S002,P026,31
2026-08-02,S002,P027,65
2026-08-02,S002,P028,31
2026-08-02,S002,P029,74
2026-08-02,S002,P030,51
2026-08-02,S002,P031,78
2026-08-02,S002,P032,67
2026-08-02,S003,P001,82
2026-08-02,S003,P002,70
2026-08-02,S003,P003,73
2026-08-02,S003,P004,44
2026-08-02,S003,P014,37
2026-08-02,S003,P015,29
2026-08-02,S003,P005,52
2026-08-02,S003,P006,35
2026-08-02,S003,P007,63
2026-08-02,S003,P008,104
2026-08-02,S003,P016,54
2026-08-02,S003,P009,56
2026-08-02,S003,P010,77
2026-08-02,S003,P011,54
2026-08-02,S003,P012,67
2026-08-02,S003,P017,34
2026-08-02,S003,P013,62
2026-08-02,S003,P018,26
2026-08-02,S003,P020,57
2026-08-02,S003,P021,74
2026-08-02,S003,P022,58
2026-08-02,S003,P019,67
2026-08-02,S003,P023,76
2026-08-02,S003,P024,27
2026-08-02,S003,P025,41
2026-08-02,S003,P026,40
2026-08-02,S003,P027,33
2026-08-02,S003,P028,91
2026-08-02,S003,P029,55
2026-08-02,S003,P030,77
2026-08-02,S003,P031,55
2026-08-02,S003,P032,63
2026-08-03,S001,P001,40
2026-08-03,S001,P002,38
2026-08-03,S001,P003,20
2026-08-03,S001,P004,62
2026-08-03,S001,P014,68
2026-08-03,S001,P015,42
2026-08-03,S001,P005,48
2026-08-03,S001,P006,72
2026-08-03,S001,P007,100
2026-08-03,S001,P008,145
2026-08-03,S001,P016,43
2026-08-03,S001,P009,68
2026-08-03,S001,P010,49
2026-08-03,S001,P011,75
2026-08-03,S001,P012,86
2026-08-03,S001,P017,46
2026-08-03,S001,P013,37
2026-08-03,S001,P018,61
2026-08-03,S001,P020,49
2026-08-03,S001,P021,103
2026-08-03,S001,P022,82
2026-08-03,S001,P019,60
2026-08-03,S001,P023,49
2026-08-03,S001,P024,51
2026-08-03,S001,P025,26
2026-08-03,S001,P026,19
2026-08-03,S001,P027,26
2026-08-03,S001,P028,33
2026-08-03,S001,P029,65
2026-08-03,S001,P030,60
2026-08-03,S001,P031,62
2026-08-03,S001,P032,57
2026-08-03,S002,P001,98
2026-08-03,S002,P002,64
2026-08-03,S002,P003,52
2026-08-03,S002,P004,52
2026-08-03,S002,P014,0
2026-08-03,S002,P015,20
2026-08-03,S002,P005,30
2026-08-03,S002,P006,39
2026-08-03,S002,P007,91
2026-08-03,S002,P008,92
2026-08-03,S002,P016,79
2026-08-03,S002,P009,56
2026-08-03,S002,P010,41
2026-08-03,S002,P011,26
2026-08-03,S002,P012,45
2026-08-03,S002,P017,61
2026-08-03,S002,P013,47
2026-08-03,S002,P018,48
2026-08-03,S002,P020,46
2026-08-03,S002,P021,100
2026-08-03,S002,P022,57
2026-08-03,S002,P019,49
2026-08-03,S002,P023,53
2026-08-03,S002,P024,44
2026-08-03,S002,P025,35
2026-08-03,S002,P026,27
2026-08-03,S002,P027,63
2026-08-03,S002,P028,81
2026-08-03,S002,P029,72
2026-08-03,S002,P030,90
2026-08-03,S002,P031,75
2026-08-03,S002,P032,66
2026-08-03,S003,P001,79
2026-08-03,S003,P002,69
2026-08-03,S003,P003,71
2026-08-03,S003,P004,43
2026-08-03,S003,P014,35
2026-08-03,S003,P015,28
2026-08-03,S003,P005,51
2026-08-03,S003,P006,29
2026-08-03,S003,P007,59
2026-08-03,S003,P008,99
2026-08-03,S003,P016,53
2026-08-03,S003,P009,51
2026-08-03,S003,P010,72
2026-08-03,S003,P011,53
2026-08-03,S003,P012,63
2026-08-03,S003,P017,32
2026-08-03,S003,P013,57
2026-08-03,S003,P018,85
2026-08-03,S003,P020,55
2026-08-03,S003,P021,73
2026-08-03,S003,P022,52
2026-08-03,S003,P019,66
2026-08-03,S003,P023,75
2026-08-03,S003,P024,26
2026-08-03,S003,P025,40
2026-08-03,S003,P026,37
2026-08-03,S003,P027,33
2026-08-03,S003,P028,86
2026-08-03,S003,P029,50
2026-08-03,S003,P030,71
2026-08-03,S003,P031,49
2026-08-03,S003,P032,61
2026-08-04,S001,P001,36
2026-08-04,S001,P002,35
2026-08-04,S001,P003,17
2026-08-04,S001,P004,60
2026-08-04,S001,P014,67
2026-08-04,S001,P015,36
2026-08-04,S001,P005,41
2026-08-04,S001,P006,67
2026-08-04,S001,P007,92
2026-08-04,S001,P008,142
2026-08-04,S001,P016,35
2026-08-04,S001,P009,64
2026-08-04,S001,P010,44
2026-08-04,S001,P011,66
2026-08-04,S001,P012,80
2026-08-04,S001,P017,34
2026-08-04,S001,P013,34
2026-08-04,S001,P018,56
2026-08-04,S001,P020,43
2026-08-04,S001,P021,99
2026-08-04,S001,P022,77
2026-08-04,S001,P019,55
2026-08-04,S001,P023,45
2026-08-04,S001,P024,47
2026-08-04,S001,P025,22
2026-08-04,S001,P026,71
2026-08-04,S001,P027,20
2026-08-04,S001,P028,75
2026-08-04,S001,P029,59
2026-08-04,S001,P030,57
2026-08-04,S001,P031,60
2026-08-04,S001,P032,54
2026-08-04,S002,P001,98
2026-08-04,S002,P002,61
2026-08-04,S002,P003,52
2026-08-04,S002,P004,50
2026-08-04,S002,P014,0
2026-08-04,S002,P015,17
2026-08-04,S002,P005,27
2026-08-04,S002,P006,32
2026-08-04,S002,P007,82
2026-08-04,S002,P008,90
2026-08-04,S002,P016,72
2026-08-04,S002,P009,53
2026-08-04,S002,P010,33
2026-08-04,S002,P011,72
2026-08-04,S002,P012,41
2026-08-04,S002,P017,55
2026-08-04,S002,P013,44
2026-08-04,S002,P018,44
2026-08-04,S002,P020,46
2026-08-04,S002,P021,96
2026-08-04,S002,P022,53
2026-08-04,S002,P019,47
2026-08-04,S002,P023,48
2026-08-04,S002,P024,44
2026-08-04,S002,P025,33
2026-08-04,S002,P026,26
2026-08-04,S002,P027,61
2026-08-04,S002,P028,80
2026-08-04,S002,P029,71
2026-08-04,S002,P030,89
2026-08-04,S002,P031,73
2026-08-04,S002,P032,65
2026-08-04,S003,P001,77
2026-08-04,S003,P002,68
2026-08-04,S003,P003,71
2026-08-04,S003,P004,42
2026-08-04,S003,P014,33
2026-08-04,S003,P015,25
2026-08-04,S003,P005,51
2026-08-04,S003,P006,24
2026-08-04,S003,P007,54
2026-08-04,S003,P008,95
2026-08-04,S003,P016,47
2026-08-04,S003,P009,47
2026-08-04,S003,P010,70
2026-08-04,S003,P011,48
2026-08-04,S003,P012,57
2026-08-04,S003,P017,27
2026-08-04,S003,P013,54
2026-08-04,S003,P018,81
2026-08-04,S003,P020,50
2026-08-04,S003,P021,72
2026-08-04,S003,P022,50
2026-08-04,S003,P019,65
2026-08-04,S003,P023,72
2026-08-04,S003,P024,73
2026-08-04,S003,P025,40
2026-08-04,S003,P026,37
2026-08-04,S003,P027,33
2026-08-04,S003,P028,84
2026-08-04,S003,P029,48
2026-08-04,S003,P030,70
2026-08-04,S003,P031,46
2026-08-04,S003,P032,60
2026-08-05,S001,P001,34
2026-08-05,S001,P002,34
2026-08-05,S001,P003,81
2026-08-05,S001,P004,58
2026-08-05,S001,P014,65
2026-08-05,S001,P015,33
2026-08-05,S001,P005,32
2026-08-05,S001,P006,59
2026-08-05,S001,P007,85
2026-08-05,S001,P008,138
2026-08-05,S001,P016,92
2026-08-05,S001,P009,63
2026-08-05,S001,P010,39
2026-08-05,S001,P011,58
2026-08-05,S001,P012,74
2026-08-05,S001,P017,31
2026-08-05,S001,P013,99
2026-08-05,S001,P018,52
2026-08-05,S001,P020,37
2026-08-05,S001,P021,95
2026-08-05,S001,P022,69
2026-08-05,S001,P019,54
2026-08-05,S001,P023,43
2026-08-05,S001,P024,46
2026-08-05,S001,P025,62
2026-08-05,S001,P026,69
2026-08-05,S001,P027,19
2026-08-05,S001,P028,72
2026-08-05,S001,P029,57
2026-08-05,S001,P030,55
2026-08-05,S001,P031,56
2026-08-05,S001,P032,51
2026-08-05,S002,P001,98
2026-08-05,S002,P002,58
2026-08-05,S002,P003,46
2026-08-05,S002,P004,48
2026-08-05,S002,P014,0
2026-08-05,S002,P015,17
2026-08-05,S002,P005,61
2026-08-05,S002,P006,29
2026-08-05,S002,P007,72
2026-08-05,S002,P008,86
2026-08-05,S002,P016,67
2026-08-05,S002,P009,50
2026-08-05,S002,P010,27
2026-08-05,S002,P011,61
2026-08-05,S002,P012,89
2026-08-05,S002,P017,52
2026-08-05,S002,P013,43
2026-08-05,S002,P018,40
2026-08-05,S002,P020,41
2026-08-05,S002,P021,91
2026-08-05,S002,P022,51
2026-08-05,S002,P019,45
2026-08-05,S002,P023,42
2026-08-05,S002,P024,42
2026-08-05,S002,P025,28
2026-08-05,S002,P026,24
2026-08-05,S002,P027,58
2026-08-05,S002,P028,78
2026-08-05,S002,P029,68
2026-08-05,S002,P030,87
2026-08-05,S002,P031,69
2026-08-05,S002,P032,65
2026-08-05,S003,P001,76
2026-08-05,S003,P002,66
2026-08-05,S003,P003,69
2026-08-05,S003,P004,40
2026-08-05,S003,P014,33
2026-08-05,S003,P015,20
2026-08-05,S003,P005,47
2026-08-05,S003,P006,78
2026-08-05,S003,P007,108
2026-08-05,S003,P008,90
2026-08-05,S003,P016,45
2026-08-05,S003,P009,42
2026-08-05,S003,P010,67
2026-08-05,S003,P011,45
2026-08-05,S003,P012,50
2026-08-05,S003,P017,22
2026-08-05,S003,P013,49
2026-08-05,S003,P018,78
2026-08-05,S003,P020,50
2026-08-05,S003,P021,70
2026-08-05,S003,P022,45
2026-08-05,S003,P019,61
2026-08-05,S003,P023,70
2026-08-05,S003,P024,73
2026-08-05,S003,P025,37
2026-08-05,S003,P026,36
2026-08-05,S003,P027,33
2026-08-05,S003,P028,79
2026-08-05,S003,P029,83
2026-08-05,S003,P030,70
2026-08-05,S003,P031,45
2026-08-05,S003,P032,60
2026-08-06,S001,P001,33
2026-08-06,S001,P002,32
2026-08-06,S001,P003,78
2026-08-06,S001,P004,57
2026-08-06,S001,P014,61
2026-08-06,S001,P015,32
2026-08-06,S001,P005,26
2026-08-06,S001,P006,54
2026-08-06,S001,P007,80
2026-08-06,S001,P008,133
2026-08-06,S001,P016,82
2026-08-06,S001,P009,57
2026-08-06,S001,P010,33
2026-08-06,S001,P011,51
2026-08-06,S001,P012,68
2026-08-06,S001,P017,25
2026-08-06,S001,P013,93
2026-08-06,S001,P018,49
2026-08-06,S001,P020,32
2026-08-06,S001,P021,93
2026-08-06,S001,P022,66
2026-08-06,S001,P019,53
2026-08-06,S001,P023,39
2026-08-06,S001,P024,44
2026-08-06,S001,P025,57
2026-08-06,S001,P026,66
2026-08-06,S001,P027,55
2026-08-06,S001,P028,67
2026-08-06,S001,P029,56
2026-08-06,S001,P030,51
2026-08-06,S001,P031,54
2026-08-06,S001,P032,47
2026-08-06,S002,P001,93
2026-08-06,S002,P002,56
2026-08-06,S002,P003,46
2026-08-06,S002,P004,42
2026-08-06,S002,P014,0
2026-08-06,S002,P015,16
2026-08-06,S002,P005,55
2026-08-06,S002,P006,24
2026-08-06,S002,P007,66
2026-08-06,S002,P008,81
2026-08-06,S002,P016,63
2026-08-06,S002,P009,42
2026-08-06,S002,P010,79
2026-08-06,S002,P011,59
2026-08-06,S002,P012,84
2026-08-06,S002,P017,50
2026-08-06,S002,P013,40
2026-08-06,S002,P018,38
2026-08-06,S002,P020,38
2026-08-06,S002,P021,86
2026-08-06,S002,P022,49
2026-08-06,S002,P019,44
2026-08-06,S002,P023,40
2026-08-06,S002,P024,39
2026-08-06,S002,P025,27
2026-08-06,S002,P026,19
2026-08-06,S002,P027,58
2026-08-06,S002,P028,75
2026-08-06,S002,P029,64
2026-08-06,S002,P030,86
2026-08-06,S002,P031,63
2026-08-06,S002,P032,61
2026-08-06,S003,P001,75
2026-08-06,S003,P002,64
2026-08-06,S003,P003,66
2026-08-06,S003,P004,39
2026-08-06,S003,P014,31
2026-08-06,S003,P015,19
2026-08-06,S003,P005,46
2026-08-06,S003,P006,76
2026-08-06,S003,P007,102
2026-08-06,S003,P008,86
2026-08-06,S003,P016,43
2026-08-06,S003,P009,40
2026-08-06,S003,P010,59
2026-08-06,S003,P011,44
2026-08-06,S003,P012,46
2026-08-06,S003,P017,65
2026-08-06,S003,P013,46
2026-08-06,S003,P018,75
2026-08-06,S003,P020,49
2026-08-06,S003,P021,68
2026-08-06,S003,P022,43
2026-08-06,S003,P019,58
2026-08-06,S003,P023,68
2026-08-06,S003,P024,71
2026-08-06,S003,P025,33
2026-08-06,S003,P026,35
2026-08-06,S003,P027,33
2026-08-06,S003,P028,76
2026-08-06,S003,P029,79
2026-08-06,S003,P030,68
2026-08-06,S003,P031,42
2026-08-06,S003,P032,58
2026-08-07,S001,P001,86
2026-08-07,S001,P002,26
2026-08-07,S001,P003,71
2026-08-07,S001,P004,56
2026-08-07,S001,P014,58
2026-08-07,S001,P015,30
2026-08-07,S001,P005,26
2026-08-07,S001,P006,50
2026-08-07,S001,P007,75
2026-08-07,S001,P008,132
2026-08-07,S001,P016,77
2026-08-07,S001,P009,48
2026-08-07,S001,P010,73
2026-08-07,S001,P011,44
2026-08-07,S001,P012,58
2026-08-07,S001,P017,63
2026-08-07,S001,P013,85
2026-08-07,S001,P018,41
2026-08-07,S001,P020,30
2026-08-07,S001,P021,88
2026-08-07,S001,P022,62
2026-08-07,S001,P019,52
2026-08-07,S001,P023,36
2026-08-07,S001,P024,42
2026-08-07,S001,P025,51
2026-08-07,S001,P026,64
2026-08-07,S001,P027,53
2026-08-07,S001,P028,64
2026-08-07,S001,P029,51
2026-08-07,S001,P030,117
2026-08-07,S001,P031,52
2026-08-07,S001,P032,44
2026-08-07,S002,P001,86
2026-08-07,S002,P002,54
2026-08-07,S002,P003,43
2026-08-07,S002,P004,41
2026-08-07,S002,P014,0
2026-08-07,S002,P015,16
2026-08-07,S002,P005,52
2026-08-07,S002,P006,21
2026-08-07,S002,P007,59
2026-08-07,S002,P008,74
2026-08-07,S002,P016,56
2026-08-07,S002,P009,39
2026-08-07,S002,P010,74
2026-08-07,S002,P011,52
2026-08-07,S002,P012,77
2026-08-07,S002,P017,46
2026-08-07,S002,P013,34
2026-08-07,S002,P018,34
2026-08-07,S002,P020,34
2026-08-07,S002,P021,84
2026-08-07,S002,P022,46
2026-08-07,S002,P019,36
2026-08-07,S002,P023,36
2026-08-07,S002,P024,39
2026-08-07,S002,P025,23
2026-08-07,S002,P026,64
2026-08-07,S002,P027,58
2026-08-07,S002,P028,71
2026-08-07,S002,P029,57
2026-08-07,S002,P030,82
2026-08-07,S002,P031,60
2026-08-07,S002,P032,60
2026-08-07,S003,P001,74
2026-08-07,S003,P002,63
2026-08-07,S003,P003,66
2026-08-07,S003,P004,39
2026-08-07,S003,P014,29
2026-08-07,S003,P015,17
2026-08-07,S003,P005,43
2026-08-07,S003,P006,70
2026-08-07,S003,P007,97
2026-08-07,S003,P008,85
2026-08-07,S003,P016,37
2026-08-07,S003,P009,39
2026-08-07,S003,P010,50
2026-08-07,S003,P011,38
2026-08-07,S003,P012,42
2026-08-07,S003,P017,63
2026-08-07,S003,P013,44
2026-08-07,S003,P018,72
2026-08-07,S003,P020,47
2026-08-07,S003,P021,63
2026-08-07,S003,P022,41
2026-08-07,S003,P019,57
2026-08-07,S003,P023,68
2026-08-07,S003,P024,68
2026-08-07,S003,P025,31
2026-08-07,S003,P026,33
2026-08-07,S003,P027,33
2026-08-07,S003,P028,75
2026-08-07,S003,P029,77
2026-08-07,S003,P030,67
2026-08-07,S003,P031,40
2026-08-07,S003,P032,58
2026-08-08,S001,P001,83
2026-08-08,S001,P002,22
2026-08-08,S001,P003,68
2026-08-08,S001,P004,52
2026-08-08,S001,P014,53
2026-08-08,S001,P015,26
2026-08-08,S001,P005,88
2026-08-08,S001,P006,46
2026-08-08,S001,P007,61
2026-08-08,S001,P008,129
2026-08-08,S001,P016,70
2026-08-08,S001,P009,40
2026-08-08,S001,P010,66
2026-08-08,S001,P011,33
2026-08-08,S001,P012,47
2026-08-08,S001,P017,58
2026-08-08,S001,P013,80
2026-08-08,S001,P018,31
2026-08-08,S001,P020,24
2026-08-08,S001,P021,83
2026-08-08,S001,P022,58
2026-08-08,S001,P019,47
2026-08-08,S001,P023,33
2026-08-08,S001,P024,40
2026-08-08,S001,P025,45
2026-08-08,S001,P026,62
2026-08-08,S001,P027,51
2026-08-08,S001,P028,63
2026-08-08,S001,P029,46
2026-08-08,S001,P030,112
2026-08-08,S001,P031,48
2026-08-08,S001,P032,39
2026-08-08,S002,P001,83
2026-08-08,S002,P002,50
2026-08-08,S002,P003,39
2026-08-08,S002,P004,39
2026-08-08,S002,P014,0
2026-08-08,S002,P015,13
2026-08-08,S002,P005,48
2026-08-08,S002,P006,56
2026-08-08,S002,P007,53
2026-08-08,S002,P008,69
2026-08-08,S002,P016,49
2026-08-08,S002,P009,31
2026-08-08,S002,P010,67
2026-08-08,S002,P011,44
2026-08-08,S002,P012,71
2026-08-08,S002,P017,42
2026-08-08,S002,P013,98
2026-08-08,S002,P018,26
2026-08-08,S002,P020,25
2026-08-08,S002,P021,74
2026-08-08,S002,P022,42
2026-08-08,S002,P019,30
2026-08-08,S002,P023,33
2026-08-08,S002,P024,37
2026-08-08,S002,P025,67
2026-08-08,S002,P026,58
2026-08-08,S002,P027,55
2026-08-08,S002,P028,65
2026-08-08,S002,P029,53
2026-08-08,S002,P030,81
2026-08-08,S002,P031,55
2026-08-08,S002,P032,56
2026-08-08,S003,P001,74
2026-08-08,S003,P002,63
2026-08-08,S003,P003,66
2026-08-08,S003,P004,38
2026-08-08,S003,P014,28
2026-08-08,S003,P015,63
2026-08-08,S003,P005,39
2026-08-08,S003,P006,63
2026-08-08,S003,P007,95
2026-08-08,S003,P008,80
2026-08-08,S003,P016,32
2026-08-08,S003,P009,35
2026-08-08,S003,P010,46
2026-08-08,S003,P011,33
2026-08-08,S003,P012,86
2026-08-08,S003,P017,59
2026-08-08,S003,P013,39
2026-08-08,S003,P018,64
2026-08-08,S003,P020,42
2026-08-08,S003,P021,103
2026-08-08,S003,P022,38
2026-08-08,S003,P019,54
2026-08-08,S003,P023,62
2026-08-08,S003,P024,67
2026-08-08,S003,P025,27
2026-08-08,S003,P026,30
2026-08-08,S003,P027,33
2026-08-08,S003,P028,71
2026-08-08,S003,P029,73
2026-08-08,S003,P030,65
2026-08-08,S003,P031,37
2026-08-08,S003,P032,54
2026-08-09,S001,P001,79
2026-08-09,S001,P002,72
2026-08-09,S001,P003,65
2026-08-09,S001,P004,50
2026-08-09,S001,P014,49
2026-08-09,S001,P015,20
2026-08-09,S001,P005,76
2026-08-09,S001,P006,39
2026-08-09,S001,P007,115
2026-08-09,S001,P008,125
2026-08-09,S001,P016,63
2026-08-09,S001,P009,35
2026-08-09,S001,P010,58
2026-08-09,S001,P011,79
2026-08-09,S001,P012,98
2026-08-09,S001,P017,52
2026-08-09,S001,P013,76
2026-08-09,S001,P018,74
2026-08-09,S001,P020,72
2026-08-09,S001,P021,77
2026-08-09,S001,P022,51
2026-08-09,S001,P019,36
2026-08-09,S001,P023,30
2026-08-09,S001,P024,35
2026-08-09,S001,P025,35
2026-08-09,S001,P026,57
2026-08-09,S001,P027,50
2026-08-09,S001,P028,63
2026-08-09,S001,P029,103
2026-08-09,S001,P030,110
2026-08-09,S001,P031,43
2026-08-09,S001,P032,37
2026-08-09,S002,P001,82
2026-08-09,S002,P002,49
2026-08-09,S002,P003,36
2026-08-09,S002,P004,35
2026-08-09,S002,P014,0
2026-08-09,S002,P015,13
2026-08-09,S002,P005,36
2026-08-09,S002,P006,51
2026-08-09,S002,P007,109
2026-08-09,S002,P008,64
2026-08-09,S002,P016,42
2026-08-09,S002,P009,72
2026-08-09,S002,P010,63
2026-08-09,S002,P011,40
2026-08-09,S002,P012,66
2026-08-09,S002,P017,34
2026-08-09,S002,P013,94
2026-08-09,S002,P018,62
2026-08-09,S002,P020,23
2026-08-09,S002,P021,72
2026-08-09,S002,P022,39
2026-08-09,S002,P019,84
2026-08-09,S002,P023,31
2026-08-09,S002,P024,31
2026-08-09,S002,P025,62
2026-08-09,S002,P026,54
2026-08-09,S002,P027,53
2026-08-09,S002,P028,64
2026-08-09,S002,P029,47
2026-08-09,S002,P030,77
2026-08-09,S002,P031,50
2026-08-09,S002,P032,51
2026-08-09,S003,P001,71
2026-08-09,S003,P002,61
2026-08-09,S003,P003,63
2026-08-09,S003,P004,38
2026-08-09,S003,P014,26
2026-08-09,S003,P015,60
2026-08-09,S003,P005,34
2026-08-09,S003,P006,57
2026-08-09,S003,P007,91
2026-08-09,S003,P008,77
2026-08-09,S003,P016,93
2026-08-09,S003,P009,87
2026-08-09,S003,P010,43
2026-08-09,S003,P011,27
2026-08-09,S003,P012,83
2026-08-09,S003,P017,51
2026-08-09,S003,P013,36
2026-08-09,S003,P018,60
2026-08-09,S003,P020,42
2026-08-09,S003,P021,102
2026-08-09,S003,P022,80
2026-08-09,S003,P019,51
2026-08-09,S003,P023,60
2026-08-09,S003,P024,60
2026-08-09,S003,P025,23
2026-08-09,S003,P026,29
2026-08-09,S003,P027,33
2026-08-09,S003,P028,67
2026-08-09,S003,P029,70
2026-08-09,S003,P030,63
2026-08-09,S003,P031,96
2026-08-09,S003,P032,49
2026-08-10,S001,P001,79
2026-08-10,S001,P002,70
2026-08-10,S001,P003,61
2026-08-10,S001,P004,48
2026-08-10,S001,P014,45
2026-08-10,S001,P015,19
2026-08-10,S001,P005,68
2026-08-10,S001,P006,32
2026-08-10,S001,P007,107
2026-08-10,S001,P008,480
2026-08-10,S001,P016,59
2026-08-10,S001,P009,84
2026-08-10,S001,P010,47
2026-08-10,S001,P011,72
2026-08-10,S001,P012,93
2026-08-10,S001,P017,46
2026-08-10,S001,P013,70
2026-08-10,S001,P018,69
2026-08-10,S001,P020,68
2026-08-10,S001,P021,75
2026-08-10,S001,P022,48
2026-08-10,S001,P019,32
2026-08-10,S001,P023,29
2026-08-10,S001,P024,32
2026-08-10,S001,P025,32
2026-08-10,S001,P026,53
2026-08-10,S001,P027,48
2026-08-10,S001,P028,61
2026-08-10,S001,P029,103
2026-08-10,S001,P030,108
2026-08-10,S001,P031,41
2026-08-10,S001,P032,33
2026-08-10,S002,P001,79
2026-08-10,S002,P002,46
2026-08-10,S002,P003,35
2026-08-10,S002,P004,33
2026-08-10,S002,P014,0
2026-08-10,S002,P015,54
2026-08-10,S002,P005,31
2026-08-10,S002,P006,46
2026-08-10,S002,P007,105
2026-08-10,S002,P008,129
2026-08-10,S002,P016,37
2026-08-10,S002,P009,66
2026-08-10,S002,P010,61
2026-08-10,S002,P011,37
2026-08-10,S002,P012,66
2026-08-10,S002,P017,28
2026-08-10,S002,P013,88
2026-08-10,S002,P018,59
2026-08-10,S002,P020,87
2026-08-10,S002,P021,69
2026-08-10,S002,P022,79
2026-08-10,S002,P019,80
2026-08-10,S002,P023,29
2026-08-10,S002,P024,29
2026-08-10,S002,P025,59
2026-08-10,S002,P026,52
2026-08-10,S002,P027,51
2026-08-10,S002,P028,61
2026-08-10,S002,P029,46
2026-08-10,S002,P030,72
2026-08-10,S002,P031,50
2026-08-10,S002,P032,47
2026-08-10,S003,P001,71
2026-08-10,S003,P002,60
2026-08-10,S003,P003,61
2026-08-10,S003,P004,37
2026-08-10,S003,P014,71
2026-08-10,S003,P015,60
2026-08-10,S003,P005,30
2026-08-10,S003,P006,52
2026-08-10,S003,P007,86
2026-08-10,S003,P008,71
2026-08-10,S003,P016,90
2026-08-10,S003,P009,79
2026-08-10,S003,P010,37
2026-08-10,S003,P011,66
2026-08-10,S003,P012,80
2026-08-10,S003,P017,48
2026-08-10,S003,P013,34
2026-08-10,S003,P018,58
2026-08-10,S003,P020,38
2026-08-10,S003,P021,102
2026-08-10,S003,P022,79
2026-08-10,S003,P019,46
2026-08-10,S003,P023,58
2026-08-10,S003,P024,59
2026-08-10,S003,P025,21
2026-08-10,S003,P026,26
2026-08-10,S003,P027,33
2026-08-10,S003,P028,61
2026-08-10,S003,P029,66
2026-08-10,S003,P030,62
2026-08-10,S003,P031,94
2026-08-10,S003,P032,43
2026-08-11,S001,P001,72
2026-08-11,S001,P002,66
2026-08-11,S001,P003,57
2026-08-11,S001,P004,47
2026-08-11,S001,P014,39
2026-08-11,S001,P015,17
2026-08-11,S001,P005,65
2026-08-11,S001,P006,28
2026-08-11,S001,P007,100
2026-08-11,S001,P008,479
2026-08-11,S001,P016,51
2026-08-11,S001,P009,77
2026-08-11,S001,P010,42
2026-08-11,S001,P011,67
2026-08-11,S001,P012,83
2026-08-11,S001,P017,40
2026-08-11,S001,P013,69
2026-08-11,S001,P018,63
2026-08-11,S001,P020,66
2026-08-11,S001,P021,72
2026-08-11,S001,P022,43
2026-08-11,S001,P019,29
2026-08-11,S001,P023,24
2026-08-11,S001,P024,29
2026-08-11,S001,P025,28
2026-08-11,S001,P026,50
2026-08-11,S001,P027,46
2026-08-11,S001,P028,59
2026-08-11,S001,P029,99
2026-08-11,S001,P030,103
2026-08-11,S001,P031,33
2026-08-11,S001,P032,29
2026-08-11,S002,P001,75
2026-08-11,S002,P002,43
2026-08-11,S002,P003,31
2026-08-11,S002,P004,29
2026-08-11,S002,P014,0
2026-08-11,S002,P015,53
2026-08-11,S002,P005,93
2026-08-11,S002,P006,40
2026-08-11,S002,P007,100
2026-08-11,S002,P008,125
2026-08-11,S002,P016,31
2026-08-11,S002,P009,61
2026-08-11,S002,P010,55
2026-08-11,S002,P011,32
2026-08-11,S002,P012,59
2026-08-11,S002,P017,23
2026-08-11,S002,P013,84
2026-08-11,S002,P018,54
2026-08-11,S002,P020,85
2026-08-11,S002,P021,66
2026-08-11,S002,P022,75
2026-08-11,S002,P019,75
2026-08-11,S002,P023,27
2026-08-11,S002,P024,27
2026-08-11,S002,P025,57
2026-08-11,S002,P026,50
2026-08-11,S002,P027,49
2026-08-11,S002,P028,61
2026-08-11,S002,P029,83
2026-08-11,S002,P030,72
2026-08-11,S002,P031,49
2026-08-11,S002,P032,44
2026-08-11,S003,P001,70
2026-08-11,S003,P002,59
2026-08-11,S003,P003,58
2026-08-11,S003,P004,36
2026-08-11,S003,P014,69
2026-08-11,S003,P015,58
2026-08-11,S003,P005,27
2026-08-11,S003,P006,47
2026-08-11,S003,P007,79
2026-08-11,S003,P008,65
2026-08-11,S003,P016,85
2026-08-11,S003,P009,75
2026-08-11,S003,P010,33
2026-08-11,S003,P011,61
2026-08-11,S003,P012,76
2026-08-11,S003,P017,45
2026-08-11,S003,P013,32
2026-08-11,S003,P018,55
2026-08-11,S003,P020,37
2026-08-11,S003,P021,100
2026-08-11,S003,P022,75
2026-08-11,S003,P019,45
2026-08-11,S003,P023,57
2026-08-11,S003,P024,57
2026-08-11,S003,P025,82
2026-08-11,S003,P026,23
2026-08-11,S003,P027,33
2026-08-11,S003,P028,59
2026-08-11,S003,P029,63
2026-08-11,S003,P030,61
2026-08-11,S003,P031,89
2026-08-11,S003,P032,43
2026-08-12,S001,P001,70
2026-08-12,S001,P002,64
2026-08-12,S001,P003,52
2026-08-12,S001,P004,47
2026-08-12,S001,P014,35
2026-08-12,S001,P015,16
2026-08-12,S001,P005,60
2026-08-12,S001,P006,21
2026-08-12,S001,P007,92
2026-08-12,S001,P008,474
2026-08-12,S001,P016,47
2026-08-12,S001,P009,65
2026-08-12,S001,P010,38
2026-08-12,S001,P011,58
2026-08-12,S001,P012,82
2026-08-12,S001,P017,31
2026-08-12,S001,P013,65
2026-08-12,S001,P018,58
2026-08-12,S001,P020,61
2026-08-12,S001,P021,68
2026-08-12,S001,P022,38
2026-08-12,S001,P019,27
2026-08-12,S001,P023,21
2026-08-12,S001,P024,26
2026-08-12,S001,P025,26
2026-08-12,S001,P026,47
2026-08-12,S001,P027,45
2026-08-12,S001,P028,54
2026-08-12,S001,P029,96
2026-08-12,S001,P030,99
2026-08-12,S001,P031,85
2026-08-12,S001,P032,28
2026-08-12,S002,P001,73
2026-08-12,S002,P002,41
2026-08-12,S002,P003,27
2026-08-12,S002,P004,26
2026-08-12,S002,P014,0
2026-08-12,S002,P015,51
2026-08-12,S002,P005,89
2026-08-12,S002,P006,34
2026-08-12,S002,P007,95
2026-08-12,S002,P008,118
2026-08-12,S002,P016,65
2026-08-12,S002,P009,55
2026-08-12,S002,P010,47
2026-08-12,S002,P011,29
2026-08-12,S002,P012,54
2026-08-12,S002,P017,21
2026-08-12,S002,P013,79
2026-08-12,S002,P018,54
2026-08-12,S002,P020,82
2026-08-12,S002,P021,64
2026-08-12,S002,P022,75
2026-08-12,S002,P019,71
2026-08-12,S002,P023,25
2026-08-12,S002,P024,73
2026-08-12,S002,P025,56
2026-08-12,S002,P026,48
2026-08-12,S002,P027,49
2026-08-12,S002,P028,56
2026-08-12,S002,P029,80
2026-08-12,S002,P030,71
2026-08-12,S002,P031,47
2026-08-12,S002,P032,41
2026-08-12,S003,P001,68
2026-08-12,S003,P002,57
2026-08-12,S003,P003,55
2026-08-12,S003,P004,32
2026-08-12,S003,P014,67
2026-08-12,S003,P015,57
2026-08-12,S003,P005,73
2026-08-12,S003,P006,42
2026-08-12,S003,P007,77
2026-08-12,S003,P008,119
2026-08-12,S003,P016,76
2026-08-12,S003,P009,72
2026-08-12,S003,P010,28
2026-08-12,S003,P011,58
2026-08-12,S003,P012,72
2026-08-12,S003,P017,42
2026-08-12,S003,P013,76
2026-08-12,S003,P018,55
2026-08-12,S003,P020,35
2026-08-12,S003,P021,94
2026-08-12,S003,P022,71
2026-08-12,S003,P019,42
2026-08-12,S003,P023,54
2026-08-12,S003,P024,55
2026-08-12,S003,P025,81
2026-08-12,S003,P026,20
2026-08-12,S003,P027,33
2026-08-12,S003,P028,59
2026-08-12,S003,P029,61
2026-08-12,S003,P030,58
2026-08-12,S003,P031,86
2026-08-12,S003,P032,41
2026-08-13,S001,P001,68
2026-08-13,S001,P002,60
2026-08-13,S001,P003,48
2026-08-13,S001,P004,44
2026-08-13,S001,P014,30
2026-08-13,S001,P015,14
2026-08-13,S001,P005,54
2026-08-13,S001,P006,79
2026-08-13,S001,P007,86
2026-08-13,S001,P008,466
2026-08-13,S001,P016,42
2026-08-13,S001,P009,57
2026-08-13,S001,P010,31
2026-08-13,S001,P011,53
2026-08-13,S001,P012,81
2026-08-13,S001,P017,28
2026-08-13,S001,P013,60
2026-08-13,S001,P018,57
2026-08-13,S001,P020,57
2026-08-13,S001,P021,63
2026-08-13,S001,P022,83
2026-08-13,S001,P019,69
2026-08-13,S001,P023,79
2026-08-13,S001,P024,84
2026-08-13,S001,P025,22
2026-08-13,S001,P026,45
2026-08-13,S001,P027,40
2026-08-13,S001,P028,52
2026-08-13,S001,P029,92
2026-08-13,S001,P030,97
2026-08-13,S001,P031,84
2026-08-13,S001,P032,24
2026-08-13,S002,P001,72
2026-08-13,S002,P002,40
2026-08-13,S002,P003,25
2026-08-13,S002,P004,24
2026-08-13,S002,P014,0
2026-08-13,S002,P015,49
2026-08-13,S002,P005,84
2026-08-13,S002,P006,30
2026-08-13,S002,P007,91
2026-08-13,S002,P008,117
2026-08-13,S002,P016,62
2026-08-13,S002,P009,51
2026-08-13,S002,P010,40
2026-08-13,S002,P011,92
2026-08-13,S002,P012,48
2026-08-13,S002,P017,65
2026-08-13,S002,P013,74
2026-08-13,S002,P018,51
2026-08-13,S002,P020,81
2026-08-13,S002,P021,61
2026-08-13,S002,P022,72
2026-08-13,S002,P019,64
2026-08-13,S002,P023,25
2026-08-13,S002,P024,68
2026-08-13,S002,P025,51
2026-08-13,S002,P026,44
2026-08-13,S002,P027,46
2026-08-13,S002,P028,49
2026-08-13,S002,P029,77
2026-08-13,S002,P030,69
2026-08-13,S002,P031,42
2026-08-13,S002,P032,39
2026-08-13,S003,P001,67
2026-08-13,S003,P002,57
2026-08-13,S003,P003,54
2026-08-13,S003,P004,29
2026-08-13,S003,P014,66
2026-08-13,S003,P015,55
2026-08-13,S003,P005,67
2026-08-13,S003,P006,40
2026-08-13,S003,P007,75
2026-08-13,S003,P008,116
2026-08-13,S003,P016,72
2026-08-13,S003,P009,66
2026-08-13,S003,P010,76
2026-08-13,S003,P011,49
2026-08-13,S003,P012,70
2026-08-13,S003,P017,38
2026-08-13,S003,P013,70
2026-08-13,S003,P018,53
2026-08-13,S003,P020,31
2026-08-13,S003,P021,92
2026-08-13,S003,P022,69
2026-08-13,S003,P019,40
2026-08-13,S003,P023,48
2026-08-13,S003,P024,54
2026-08-13,S003,P025,74
2026-08-13,S003,P026,19
2026-08-13,S003,P027,33
2026-08-13,S003,P028,56
2026-08-13,S003,P029,60
2026-08-13,S003,P030,55
2026-08-13,S003,P031,82
2026-08-13,S003,P032,39
2026-08-14,S001,P001,67
2026-08-14,S001,P002,55
2026-08-14,S001,P003,43
2026-08-14,S001,P004,40
2026-08-14,S001,P014,80
2026-08-14,S001,P015,60
2026-08-14,S001,P005,45
2026-08-14,S001,P006,72
2026-08-14,S001,P007,78
2026-08-14,S001,P008,462
2026-08-14,S001,P016,39
2026-08-14,S001,P009,53
2026-08-14,S001,P010,91
2026-08-14,S001,P011,45
2026-08-14,S001,P012,76
2026-08-14,S001,P017,24
2026-08-14,S001,P013,57
2026-08-14,S001,P018,53
2026-08-14,S001,P020,49
2026-08-14,S001,P021,127
2026-08-14,S001,P022,79
2026-08-14,S001,P019,65
2026-08-14,S001,P023,79
2026-08-14,S001,P024,83
2026-08-14,S001,P025,84
2026-08-14,S001,P026,40
2026-08-14,S001,P027,36
2026-08-14,S001,P028,49
2026-08-14,S001,P029,89
2026-08-14,S001,P030,94
2026-08-14,S001,P031,80
2026-08-14,S001,P032,60
2026-08-14,S002,P001,71
2026-08-14,S002,P002,39
2026-08-14,S002,P003,24
2026-08-14,S002,P004,22
2026-08-14,S002,P014,0
2026-08-14,S002,P015,47
2026-08-14,S002,P005,80
2026-08-14,S002,P006,27
2026-08-14,S002,P007,90
2026-08-14,S002,P008,112
2026-08-14,S002,P016,56
2026-08-14,S002,P009,42
2026-08-14,S002,P010,37
2026-08-14,S002,P011,87
2026-08-14,S002,P012,45
2026-08-14,S002,P017,61
2026-08-14,S002,P013,71
2026-08-14,S002,P018,44
2026-08-14,S002,P020,78
2026-08-14,S002,P021,99
2026-08-14,S002,P022,71
2026-08-14,S002,P019,60
2026-08-14,S002,P023,23
2026-08-14,S002,P024,66
2026-08-14,S002,P025,50
2026-08-14,S002,P026,39
2026-08-14,S002,P027,45
2026-08-14,S002,P028,48
2026-08-14,S002,P029,74
2026-08-14,S002,P030,65
2026-08-14,S002,P031,41
2026-08-14,S002,P032,37
2026-08-14,S003,P001,67
2026-08-14,S003,P002,56
2026-08-14,S003,P003,54
2026-08-14,S003,P004,27
2026-08-14,S003,P014,65
2026-08-14,S003,P015,55
2026-08-14,S003,P005,62
2026-08-14,S003,P006,36
2026-08-14,S003,P007,74
2026-08-14,S003,P008,115
2026-08-14,S003,P016,69
2026-08-14,S003,P009,63
2026-08-14,S003,P010,72
2026-08-14,S003,P011,45
2026-08-14,S003,P012,65
2026-08-14,S003,P017,36
2026-08-14,S003,P013,68
2026-08-14,S003,P018,50
2026-08-14,S003,P020,28
2026-08-14,S003,P021,85
2026-08-14,S003,P022,67
2026-08-14,S003,P019,39
2026-08-14,S003,P023,48
2026-08-14,S003,P024,50
2026-08-14,S003,P025,74
2026-08-14,S003,P026,17
2026-08-14,S003,P027,33
2026-08-14,S003,P028,51
2026-08-14,S003,P029,57
2026-08-14,S003,P030,52
2026-08-14,S003,P031,80
2026-08-14,S003,P032,36
2026-08-15,S001,P001,65
2026-08-15,S001,P002,53
2026-08-15,S001,P003,41
2026-08-15,S001,P004,35
2026-08-15,S001,P014,77
2026-08-15,S001,P015,54
2026-08-15,S001,P005,36
2026-08-15,S001,P006,61
2026-08-15,S001,P007,70
2026-08-15,S001,P008,456
2026-08-15,S001,P016,34
2026-08-15,S001,P009,42
2026-08-15,S001,P010,80
2026-08-15,S001,P011,38
2026-08-15,S001,P012,68
2026-08-15,S001,P017,74
2026-08-15,S001,P013,47
2026-08-15,S001,P018,45
2026-08-15,S001,P020,46
2026-08-15,S001,P021,119
2026-08-15,S001,P022,70
2026-08-15,S001,P019,62
2026-08-15,S001,P023,72
2026-08-15,S001,P024,81
2026-08-15,S001,P025,79
2026-08-15,S001,P026,38
2026-08-15,S001,P027,30
2026-08-15,S001,P028,47
2026-08-15,S001,P029,86
2026-08-15,S001,P030,92
2026-08-15,S001,P031,75
2026-08-15,S001,P032,57
2026-08-15,S002,P001,68
2026-08-15,S002,P002,37
2026-08-15,S002,P003,23
2026-08-15,S002,P004,71
2026-08-15,S002,P014,0
2026-08-15,S002,P015,45
2026-08-15,S002,P005,73
2026-08-15,S002,P006,21
2026-08-15,S002,P007,82
2026-08-15,S002,P008,104
2026-08-15,S002,P016,48
2026-08-15,S002,P009,40
2026-08-15,S002,P010,32
2026-08-15,S002,P011,80
2026-08-15,S002,P012,41
2026-08-15,S002,P017,58
2026-08-15,S002,P013,68
2026-08-15,S002,P018,43
2026-08-15,S002,P020,74
2026-08-15,S002,P021,91
2026-08-15,S002,P022,64
2026-08-15,S002,P019,57
2026-08-15,S002,P023,21
2026-08-15,S002,P024,57
2026-08-15,S002,P025,44
2026-08-15,S002,P026,35
2026-08-15,S002,P027,41
2026-08-15,S002,P028,45
2026-08-15,S002,P029,67
2026-08-15,S002,P030,63
2026-08-15,S002,P031,38
2026-08-15,S002,P032,32
2026-08-15,S003,P001,67
2026-08-15,S003,P002,55
2026-08-15,S003,P003,46
2026-08-15,S003,P004,26
2026-08-15,S003,P014,62
2026-08-15,S003,P015,55
2026-08-15,S003,P005,51
2026-08-15,S003,P006,29
2026-08-15,S003,P007,67
2026-08-15,S003,P008,106
2026-08-15,S003,P016,58
2026-08-15,S003,P009,58
2026-08-15,S003,P010,66
2026-08-15,S003,P011,32
2026-08-15,S003,P012,57
2026-08-15,S003,P017,32
2026-08-15,S003,P013,64
2026-08-15,S003,P018,47
2026-08-15,S003,P020,23
2026-08-15,S003,P021,82
2026-08-15,S003,P022,62
2026-08-15,S003,P019,36
2026-08-15,S003,P023,47
2026-08-15,S003,P024,46
2026-08-15,S003,P025,71
2026-08-15,S003,P026,79
2026-08-15,S003,P027,33
2026-08-15,S003,P028,48
2026-08-15,S003,P029,55
2026-08-15,S003,P030,95
2026-08-15,S003,P031,78
2026-08-15,S003,P032,35
2026-08-16,S001,P001,61
2026-08-16,S001,P002,51
2026-08-16,S001,P003,35
2026-08-16,S001,P004,31
2026-08-16,S001,P014,72
2026-08-16,S001,P015,53
2026-08-16,S001,P005,27
2026-08-16,S001,P006,51
2026-08-16,S001,P007,60
2026-08-16,S001,P008,452
2026-08-16,S001,P016,69
2026-08-16,S001,P009,70
2026-08-16,S001,P010,75
2026-08-16,S001,P011,30
2026-08-16,S001,P012,52
2026-08-16,S001,P017,69
2026-08-16,S001,P013,39
2026-08-16,S001,P018,37
2026-08-16,S001,P020,43
2026-08-16,S001,P021,111
2026-08-16,S001,P022,66
2026-08-16,S001,P019,59
2026-08-16,S001,P023,68
2026-08-16,S001,P024,71
2026-08-16,S001,P025,75
2026-08-16,S001,P026,37
2026-08-16,S001,P027,28
2026-08-16,S001,P028,41
2026-08-16,S001,P029,81
2026-08-16,S001,P030,90
2026-08-16,S001,P031,71
2026-08-16,S001,P032,52
2026-08-16,S002,P001,63
2026-08-16,S002,P002,35
2026-08-16,S002,P003,23
2026-08-16,S002,P004,68
2026-08-16,S002,P014,0
2026-08-16,S002,P015,44
2026-08-16,S002,P005,71
2026-08-16,S002,P006,62
2026-08-16,S002,P007,73
2026-08-16,S002,P008,100
2026-08-16,S002,P016,46
2026-08-16,S002,P009,35
2026-08-16,S002,P010,27
2026-08-16,S002,P011,75
2026-08-16,S002,P012,100
2026-08-16,S002,P017,53
2026-08-16,S002,P013,65
2026-08-16,S002,P018,37
2026-08-16,S002,P020,68
2026-08-16,S002,P021,89
2026-08-16,S002,P022,57
2026-08-16,S002,P019,52
2026-08-16,S002,P023,63
2026-08-16,S002,P024,51
2026-08-16,S002,P025,42
2026-08-16,S002,P026,32
2026-08-16,S002,P027,39
2026-08-16,S002,P028,40
2026-08-16,S002,P029,64
2026-08-16,S002,P030,61
2026-08-16,S002,P031,32
2026-08-16,S002,P032,28
2026-08-16,S003,P001,65
2026-08-16,S003,P002,53
2026-08-16,S003,P003,45
2026-08-16,S003,P004,20
2026-08-16,S003,P014,59
2026-08-16,S003,P015,53
2026-08-16,S003,P005,44
2026-08-16,S003,P006,21
2026-08-16,S003,P007,62
2026-08-16,S003,P008,100
2026-08-16,S003,P016,53
2026-08-16,S003,P009,53
2026-08-16,S003,P010,60
2026-08-16,S003,P011,28
2026-08-16,S003,P012,53
2026-08-16,S003,P017,26
2026-08-16,S003,P013,58
2026-08-16,S003,P018,40
2026-08-16,S003,P020,21
2026-08-16,S003,P021,79
2026-08-16,S003,P022,60
2026-08-16,S003,P019,33
2026-08-16,S003,P023,43
2026-08-16,S003,P024,43
2026-08-16,S003,P025,69
2026-08-16,S003,P026,76
2026-08-16,S003,P027,33
2026-08-16,S003,P028,44
2026-08-16,S003,P029,51
2026-08-16,S003,P030,94
2026-08-16,S003,P031,75
2026-08-16,S003,P032,32
2026-08-17,S001,P001,56
2026-08-17,S001,P002,49
2026-08-17,S001,P003,32
2026-08-17,S001,P004,28
2026-08-17,S001,P014,71
2026-08-17,S001,P015,49
2026-08-17,S001,P005,82
2026-08-17,S001,P006,46
2026-08-17,S001,P007,59
2026-08-17,S001,P008,449
2026-08-17,S001,P016,66
2026-08-17,S001,P009,62
2026-08-17,S001,P010,74
2026-08-17,S001,P011,69
2026-08-17,S001,P012,44
2026-08-17,S001,P017,68
2026-08-17,S001,P013,35
2026-08-17,S001,P018,31
2026-08-17,S001,P020,39
2026-08-17,S001,P021,110
2026-08-17,S001,P022,61
2026-08-17,S001,P019,57
2026-08-17,S001,P023,65
2026-08-17,S001,P024,68
2026-08-17,S001,P025,70
2026-08-17,S001,P026,35
2026-08-17,S001,P027,25
2026-08-17,S001,P028,39
2026-08-17,S001,P029,78
2026-08-17,S001,P030,86
2026-08-17,S001,P031,68
2026-08-17,S001,P032,49
2026-08-17,S002,P001,61
2026-08-17,S002,P002,32
2026-08-17,S002,P003,21
2026-08-17,S002,P004,64
2026-08-17,S002,P014,0
2026-08-17,S002,P015,42
2026-08-17,S002,P005,65
2026-08-17,S002,P006,55
2026-08-17,S002,P007,68
2026-08-17,S002,P008,94
2026-08-17,S002,P016,43
2026-08-17,S002,P009,31
2026-08-17,S002,P010,68
2026-08-17,S002,P011,71
2026-08-17,S002,P012,93
2026-08-17,S002,P017,50
2026-08-17,S002,P013,62
2026-08-17,S002,P018,32
2026-08-17,S002,P020,63
2026-08-17,S002,P021,86
2026-08-17,S002,P022,55
2026-08-17,S002,P019,49
2026-08-17,S002,P023,60
2026-08-17,S002,P024,48
2026-08-17,S002,P025,41
2026-08-17,S002,P026,28
2026-08-17,S002,P027,33
2026-08-17,S002,P028,36
2026-08-17,S002,P029,64
2026-08-17,S002,P030,58
2026-08-17,S002,P031,90
2026-08-17,S002,P032,25
2026-08-17,S003,P001,61
2026-08-17,S003,P002,52
2026-08-17,S003,P003,42
2026-08-17,S003,P004,72
2026-08-17,S003,P014,56
2026-08-17,S003,P015,52
2026-08-17,S003,P005,40
2026-08-17,S003,P006,76
2026-08-17,S003,P007,61
2026-08-17,S003,P008,100
2026-08-17,S003,P016,47
2026-08-17,S003,P009,50
2026-08-17,S003,P010,58
2026-08-17,S003,P011,26
2026-08-17,S003,P012,51
2026-08-17,S003,P017,22
2026-08-17,S003,P013,54
2026-08-17,S003,P018,38
2026-08-17,S003,P020,80
2026-08-17,S003,P021,76
2026-08-17,S003,P022,59
2026-08-17,S003,P019,33
2026-08-17,S003,P023,39
2026-08-17,S003,P024,43
2026-08-17,S003,P025,65
2026-08-17,S003,P026,75
2026-08-17,S003,P027,33
2026-08-17,S003,P028,43
2026-08-17,S003,P029,47
2026-08-17,S003,P030,91
2026-08-17,S003,P031,74
2026-08-17,S003,P032,32
2026-08-18,S001,P001,51
2026-08-18,S001,P002,44
2026-08-18,S001,P003,26
2026-08-18,S001,P004,26
2026-08-18,S001,P014,69
2026-08-18,S001,P015,45
2026-08-18,S001,P005,72
2026-08-18,S001,P006,42
2026-08-18,S001,P007,51
2026-08-18,S001,P008,444
2026-08-18,S001,P016,61
2026-08-18,S001,P009,56
2026-08-18,S001,P010,63
2026-08-18,S001,P011,62
2026-08-18,S001,P012,90
2026-08-18,S001,P017,64
2026-08-18,S001,P013,33
2026-08-18,S001,P018,26
2026-08-18,S001,P020,39
2026-08-18,S001,P021,105
2026-08-18,S001,P022,54
2026-08-18,S001,P019,52
2026-08-18,S001,P023,60
2026-08-18,S001,P024,64
2026-08-18,S001,P025,69
2026-08-18,S001,P026,31
2026-08-18,S001,P027,23
2026-08-18,S001,P028,35
2026-08-18,S001,P029,76
2026-08-18,S001,P030,83
2026-08-18,S001,P031,64
2026-08-18,S001,P032,46
2026-08-18,S002,P001,59
2026-08-18,S002,P002,28
2026-08-18,S002,P003,19
2026-08-18,S002,P004,62
2026-08-18,S002,P014,0
2026-08-18,S002,P015,38
2026-08-18,S002,P005,54
2026-08-18,S002,P006,53
2026-08-18,S002,P007,65
2026-08-18,S002,P008,88
2026-08-18,S002,P016,40
2026-08-18,S002,P009,82
2026-08-18,S002,P010,63
2026-08-18,S002,P011,64
2026-08-18,S002,P012,89
2026-08-18,S002,P017,42
2026-08-18,S002,P013,58
2026-08-18,S002,P018,64
2026-08-18,S002,P020,58
2026-08-18,S002,P021,80
2026-08-18,S002,P022,52
2026-08-18,S002,P019,45
2026-08-18,S002,P023,60
2026-08-18,S002,P024,45
2026-08-18,S002,P025,39
2026-08-18,S002,P026,26
2026-08-18,S002,P027,29
2026-08-18,S002,P028,35
2026-08-18,S002,P029,60
2026-08-18,S002,P030,56
2026-08-18,S002,P031,88
2026-08-18,S002,P032,22
2026-08-18,S003,P001,60
2026-08-18,S003,P002,52
2026-08-18,S003,P003,39
2026-08-18,S003,P004,69
2026-08-18,S003,P014,52
2026-08-18,S003,P015,50
2026-08-18,S003,P005,39
2026-08-18,S003,P006,72
2026-08-18,S003,P007,60
2026-08-18,S003,P008,97
2026-08-18,S003,P016,44
2026-08-18,S003,P009,44
2026-08-18,S003,P010,54
2026-08-18,S003,P011,65
2026-08-18,S003,P012,50
2026-08-18,S003,P017,57
2026-08-18,S003,P013,51
2026-08-18,S003,P018,37
2026-08-18,S003,P020,78
2026-08-18,S003,P021,73
2026-08-18,S003,P022,54
2026-08-18,S003,P019,30
2026-08-18,S003,P023,39
2026-08-18,S003,P024,42
2026-08-18,S003,P025,63
2026-08-18,S003,P026,72
2026-08-18,S003,P027,33
2026-08-18,S003,P028,41
2026-08-18,S003,P029,46
2026-08-18,S003,P030,90
2026-08-18,S003,P031,70
2026-08-18,S003,P032,31
2026-08-19,S001,P001,49
2026-08-19,S001,P002,39
2026-08-19,S001,P003,23
2026-08-19,S001,P004,26
2026-08-19,S001,P014,68
2026-08-19,S001,P015,44
2026-08-19,S001,P005,64
2026-08-19,S001,P006,34
2026-08-19,S001,P007,118
2026-08-19,S001,P008,440
2026-08-19,S001,P016,52
2026-08-19,S001,P009,50
2026-08-19,S001,P010,57
2026-08-19,S001,P011,55
2026-08-19,S001,P012,87
2026-08-19,S001,P017,58
2026-08-19,S001,P013,96
2026-08-19,S001,P018,85
2026-08-19,S001,P020,36
2026-08-19,S001,P021,101
2026-08-19,S001,P022,49
2026-08-19,S001,P019,51
2026-08-19,S001,P023,57
2026-08-19,S001,P024,59
2026-08-19,S001,P025,67
2026-08-19,S001,P026,27
2026-08-19,S001,P027,20
2026-08-19,S001,P028,33
2026-08-19,S001,P029,76
2026-08-19,S001,P030,76
2026-08-19,S001,P031,61
2026-08-19,S001,P032,40
2026-08-19,S002,P001,56
2026-08-19,S002,P002,27
2026-08-19,S002,P003,18
2026-08-19,S002,P004,59
2026-08-19,S002,P014,0
2026-08-19,S002,P015,35
2026-08-19,S002,P005,51
2026-08-19,S002,P006,47
2026-08-19,S002,P007,58
2026-08-19,S002,P008,84
2026-08-19,S002,P016,96
2026-08-19,S002,P009,80
2026-08-19,S002,P010,61
2026-08-19,S002,P011,57
2026-08-19,S002,P012,87
2026-08-19,S002,P017,37
2026-08-19,S002,P013,55
2026-08-19,S002,P018,60
2026-08-19,S002,P020,58
2026-08-19,S002,P021,76
2026-08-19,S002,P022,49
2026-08-19,S002,P019,41
2026-08-19,S002,P023,57
2026-08-19,S002,P024,44
2026-08-19,S002,P025,38
2026-08-19,S002,P026,25
2026-08-19,S002,P027,26
2026-08-19,S002,P028,34
2026-08-19,S002,P029,59
2026-08-19,S002,P030,52
2026-08-19,S002,P031,83
2026-08-19,S002,P032,63
2026-08-19,S003,P001,59
2026-08-19,S003,P002,50
2026-08-19,S003,P003,37
2026-08-19,S003,P004,67
2026-08-19,S003,P014,51
2026-08-19,S003,P015,47
2026-08-19,S003,P005,37
2026-08-19,S003,P006,66
2026-08-19,S003,P007,56
2026-08-19,S003,P008,94
2026-08-19,S003,P016,41
2026-08-19,S003,P009,42
2026-08-19,S003,P010,49
2026-08-19,S003,P011,58
2026-08-19,S003,P012,47
2026-08-19,S003,P017,52
2026-08-19,S003,P013,50
2026-08-19,S003,P018,33
2026-08-19,S003,P020,78
2026-08-19,S003,P021,73
2026-08-19,S003,P022,52
2026-08-19,S003,P019,29
2026-08-19,S003,P023,38
2026-08-19,S003,P024,39
2026-08-19,S003,P025,60
2026-08-19,S003,P026,71
2026-08-19,S003,P027,33
2026-08-19,S003,P028,40
2026-08-19,S003,P029,45
2026-08-19,S003,P030,87
2026-08-19,S003,P031,68
2026-08-19,S003,P032,28
2026-08-20,S001,P001,46
2026-08-20,S001,P002,34
2026-08-20,S001,P003,21
2026-08-20,S001,P004,24
2026-08-20,S001,P014,63
2026-08-20,S001,P015,43
2026-08-20,S001,P005,59
2026-08-20,S001,P006,31
2026-08-20,S001,P007,110
2026-08-20,S001,P008,435
2026-08-20,S001,P016,44
2026-08-20,S001,P009,47
2026-08-20,S001,P010,46
2026-08-20,S001,P011,47
2026-08-20,S001,P012,84
2026-08-20,S001,P017,48
2026-08-20,S001,P013,89
2026-08-20,S001,P018,81
2026-08-20,S001,P020,35
2026-08-20,S001,P021,99
2026-08-20,S001,P022,43
2026-08-20,S001,P019,48
2026-08-20,S001,P023,53
2026-08-20,S001,P024,53
2026-08-20,S001,P025,61
2026-08-20,S001,P026,23
2026-08-20,S001,P027,72
2026-08-20,S001,P028,70
2026-08-20,S001,P029,74
2026-08-20,S001,P030,74
2026-08-20,S001,P031,58
2026-08-20,S001,P032,39
2026-08-20,S002,P001,53
2026-08-20,S002,P002,25
2026-08-20,S002,P003,17
2026-08-20,S002,P004,58
2026-08-20,S002,P014,0
2026-08-20,S002,P015,33
2026-08-20,S002,P005,48
2026-08-20,S002,P006,40
2026-08-20,S002,P007,116
2026-08-20,S002,P008,82
2026-08-20,S002,P016,86
2026-08-20,S002,P009,74
2026-08-20,S002,P010,56
2026-08-20,S002,P011,52
2026-08-20,S002,P012,82
2026-08-20,S002,P017,36
2026-08-20,S002,P013,54
2026-08-20,S002,P018,55
2026-08-20,S002,P020,54
2026-08-20,S002,P021,73
2026-08-20,S002,P022,44
2026-08-20,S002,P019,38
2026-08-20,S002,P023,55
2026-08-20,S002,P024,40
2026-08-20,S002,P025,34
2026-08-20,S002,P026,21
2026-08-20,S002,P027,26
2026-08-20,S002,P028,80
2026-08-20,S002,P029,54
2026-08-20,S002,P030,105
2026-08-20,S002,P031,79
2026-08-20,S002,P032,62
2026-08-20,S003,P001,58
2026-08-20,S003,P002,48
2026-08-20,S003,P003,35
2026-08-20,S003,P004,66
2026-08-20,S003,P014,51
2026-08-20,S003,P015,43
2026-08-20,S003,P005,33
2026-08-20,S003,P006,64
2026-08-20,S003,P007,52
2026-08-20,S003,P008,92
2026-08-20,S003,P016,38
2026-08-20,S003,P009,38
2026-08-20,S003,P010,46
2026-08-20,S003,P011,51
2026-08-20,S003,P012,42
2026-08-20,S003,P017,47
2026-08-20,S003,P013,44
2026-08-20,S003,P018,29
2026-08-20,S003,P020,74
2026-08-20,S003,P021,69
2026-08-20,S003,P022,43
2026-08-20,S003,P019,26
2026-08-20,S003,P023,35
2026-08-20,S003,P024,37
2026-08-20,S003,P025,59
2026-08-20,S003,P026,71
2026-08-20,S003,P027,33
2026-08-20,S003,P028,37
2026-08-20,S003,P029,43
2026-08-20,S003,P030,83
2026-08-20,S003,P031,62
2026-08-20,S003,P032,27
2026-08-21,S001,P001,44
2026-08-21,S001,P002,32
2026-08-21,S001,P003,72
2026-08-21,S001,P004,23
2026-08-21,S001,P014,58
2026-08-21,S001,P015,41
2026-08-21,S001,P005,51
2026-08-21,S001,P006,22
2026-08-21,S001,P007,105
2026-08-21,S001,P008,426
2026-08-21,S001,P016,37
2026-08-21,S001,P009,41
2026-08-21,S001,P010,38
2026-08-21,S001,P011,42
2026-08-21,S001,P012,76
2026-08-21,S001,P017,45
2026-08-21,S001,P013,84
2026-08-21,S001,P018,79
2026-08-21,S001,P020,33
2026-08-21,S001,P021,94
2026-08-21,S001,P022,36
2026-08-21,S001,P019,44
2026-08-21,S001,P023,50
2026-08-21,S001,P024,50
2026-08-21,S001,P025,59
2026-08-21,S001,P026,19
2026-08-21,S001,P027,71
2026-08-21,S001,P028,65
2026-08-21,S001,P029,70
2026-08-21,S001,P030,67
2026-08-21,S001,P031,55
2026-08-21,S001,P032,38
2026-08-21,S002,P001,47
2026-08-21,S002,P002,22
2026-08-21,S002,P003,57
2026-08-21,S002,P004,56
2026-08-21,S002,P014,0
2026-08-21,S002,P015,28
2026-08-21,S002,P005,42
2026-08-21,S002,P006,35
2026-08-21,S002,P007,111
2026-08-21,S002,P008,78
2026-08-21,S002,P016,81
2026-08-21,S002,P009,71
2026-08-21,S002,P010,53
2026-08-21,S002,P011,48
2026-08-21,S002,P012,77
2026-08-21,S002,P017,33
2026-08-21,S002,P013,48
2026-08-21,S002,P018,53
2026-08-21,S002,P020,51
2026-08-21,S002,P021,63
2026-08-21,S002,P022,40
2026-08-21,S002,P019,33
2026-08-21,S002,P023,55
2026-08-21,S002,P024,36
2026-08-21,S002,P025,29
2026-08-21,S002,P026,19
2026-08-21,S002,P027,25
2026-08-21,S002,P028,77
2026-08-21,S002,P029,51
2026-08-21,S002,P030,101
2026-08-21,S002,P031,76
2026-08-21,S002,P032,58
2026-08-21,S003,P001,55
2026-08-21,S003,P002,47
2026-08-21,S003,P003,34
2026-08-21,S003,P004,64
2026-08-21,S003,P014,51
2026-08-21,S003,P015,41
2026-08-21,S003,P005,29
2026-08-21,S003,P006,58
2026-08-21,S003,P007,103
2026-08-21,S003,P008,87
2026-08-21,S003,P016,31
2026-08-21,S003,P009,34
2026-08-21,S003,P010,43
2026-08-21,S003,P011,43
2026-08-21,S003,P012,82
2026-08-21,S003,P017,39
2026-08-21,S003,P013,43
2026-08-21,S003,P018,63
2026-08-21,S003,P020,70
2026-08-21,S003,P021,66
2026-08-21,S003,P022,43
2026-08-21,S003,P019,73
2026-08-21,S003,P023,33
2026-08-21,S003,P024,35
2026-08-21,S003,P025,56
2026-08-21,S003,P026,67
2026-08-21,S003,P027,33
2026-08-21,S003,P028,34
2026-08-21,S003,P029,91
2026-08-21,S003,P030,80
2026-08-21,S003,P031,60
2026-08-21,S003,P032,25
2026-08-22,S001,P001,42
2026-08-22,S001,P002,30
2026-08-22,S001,P003,68
2026-08-22,S001,P004,20
2026-08-22,S001,P014,58
2026-08-22,S001,P015,39
2026-08-22,S001,P005,42
2026-08-22,S001,P006,84
2026-08-22,S001,P007,95
2026-08-22,S001,P008,423
2026-08-22,S001,P016,95
2026-08-22,S001,P009,37
2026-08-22,S001,P010,33
2026-08-22,S001,P011,35
2026-08-22,S001,P012,69
2026-08-22,S001,P017,35
2026-08-22,S001,P013,79
2026-08-22,S001,P018,72
2026-08-22,S001,P020,27
2026-08-22,S001,P021,88
2026-08-22,S001,P022,98
2026-08-22,S001,P019,41
2026-08-22,S001,P023,47
2026-08-22,S001,P024,47
2026-08-22,S001,P025,55
2026-08-22,S001,P026,82
2026-08-22,S001,P027,68
2026-08-22,S001,P028,61
2026-08-22,S001,P029,66
2026-08-22,S001,P030,64
2026-08-22,S001,P031,46
2026-08-22,S001,P032,36
2026-08-22,S002,P001,44
2026-08-22,S002,P002,60
2026-08-22,S002,P003,55
2026-08-22,S002,P004,55
2026-08-22,S002,P014,0
2026-08-22,S002,P015,27
2026-08-22,S002,P005,31
2026-08-22,S002,P006,23
2026-08-22,S002,P007,108
2026-08-22,S002,P008,74
2026-08-22,S002,P016,72
2026-08-22,S002,P009,63
2026-08-22,S002,P010,47
2026-08-22,S002,P011,41
2026-08-22,S002,P012,71
2026-08-22,S002,P017,26
2026-08-22,S002,P013,40
2026-08-22,S002,P018,50
2026-08-22,S002,P020,49
2026-08-22,S002,P021,126
2026-08-22,S002,P022,38
2026-08-22,S002,P019,29
2026-08-22,S002,P023,53
2026-08-22,S002,P024,33
2026-08-22,S002,P025,23
2026-08-22,S002,P026,62
2026-08-22,S002,P027,19
2026-08-22,S002,P028,75
2026-08-22,S002,P029,48
2026-08-22,S002,P030,98
2026-08-22,S002,P031,71
2026-08-22,S002,P032,56
2026-08-22,S003,P001,55
2026-08-22,S003,P002,44
2026-08-22,S003,P003,33
2026-08-22,S003,P004,60
2026-08-22,S003,P014,50
2026-08-22,S003,P015,38
2026-08-22,S003,P005,67
2026-08-22,S003,P006,55
2026-08-22,S003,P007,100
2026-08-22,S003,P008,80
2026-08-22,S003,P016,88
2026-08-22,S003,P009,31
2026-08-22,S003,P010,36
2026-08-22,S003,P011,36
2026-08-22,S003,P012,76
2026-08-22,S003,P017,31
2026-08-22,S003,P013,35
2026-08-22,S003,P018,61
2026-08-22,S003,P020,63
2026-08-22,S003,P021,62
2026-08-22,S003,P022,39
2026-08-22,S003,P019,73
2026-08-22,S003,P023,30
2026-08-22,S003,P024,34
2026-08-22,S003,P025,50
2026-08-22,S003,P026,63
2026-08-22,S003,P027,33
2026-08-22,S003,P028,73
2026-08-22,S003,P029,86
2026-08-22,S003,P030,76
2026-08-22,S003,P031,56
2026-08-22,S003,P032,23
2026-08-23,S001,P001,40
2026-08-23,S001,P002,26
2026-08-23,S001,P003,62
2026-08-23,S001,P004,77
2026-08-23,S001,P014,53
2026-08-23,S001,P015,37
2026-08-23,S001,P005,38
2026-08-23,S001,P006,76
2026-08-23,S001,P007,81
2026-08-23,S001,P008,417
2026-08-23,S001,P016,88
2026-08-23,S001,P009,32
2026-08-23,S001,P010,67
2026-08-23,S001,P011,29
2026-08-23,S001,P012,62
2026-08-23,S001,P017,32
2026-08-23,S001,P013,77
2026-08-23,S001,P018,71
2026-08-23,S001,P020,21
2026-08-23,S001,P021,80
2026-08-23,S001,P022,95
2026-08-23,S001,P019,35
2026-08-23,S001,P023,46
2026-08-23,S001,P024,42
2026-08-23,S001,P025,47
2026-08-23,S001,P026,79
2026-08-23,S001,P027,63
2026-08-23,S001,P028,54
2026-08-23,S001,P029,60
2026-08-23,S001,P030,54
2026-08-23,S001,P031,42
2026-08-23,S001,P032,27
2026-08-23,S002,P001,39
2026-08-23,S002,P002,56
2026-08-23,S002,P003,49
2026-08-23,S002,P004,53
2026-08-23,S002,P014,0
2026-08-23,S002,P015,26
2026-08-23,S002,P005,26
2026-08-23,S002,P006,66
2026-08-23,S002,P007,101
2026-08-23,S002,P008,69
2026-08-23,S002,P016,67
2026-08-23,S002,P009,61
2026-08-23,S002,P010,39
2026-08-23,S002,P011,38
2026-08-23,S002,P012,67
2026-08-23,S002,P017,83
2026-08-23,S002,P013,35
2026-08-23,S002,P018,49
2026-08-23,S002,P020,47
2026-08-23,S002,P021,125
2026-08-23,S002,P022,86
2026-08-23,S002,P019,93
2026-08-23,S002,P023,52
2026-08-23,S002,P024,28
2026-08-23,S002,P025,87
2026-08-23,S002,P026,60
2026-08-23,S002,P027,67
2026-08-23,S002,P028,70
2026-08-23,S002,P029,47
2026-08-23,S002,P030,96
2026-08-23,S002,P031,65
2026-08-23,S002,P032,49
2026-08-23,S003,P001,53
2026-08-23,S003,P002,40
2026-08-23,S003,P003,29
2026-08-23,S003,P004,57
2026-08-23,S003,P014,49
2026-08-23,S003,P015,37
2026-08-23,S003,P005,59
2026-08-23,S003,P006,48
2026-08-23,S003,P007,95
2026-08-23,S003,P008,72
2026-08-23,S003,P016,81
2026-08-23,S003,P009,83
2026-08-23,S003,P010,35
2026-08-23,S003,P011,28
2026-08-23,S003,P012,71
2026-08-23,S003,P017,21
2026-08-23,S003,P013,91
2026-08-23,S003,P018,57
2026-08-23,S003,P020,58
2026-08-23,S003,P021,102
2026-08-23,S003,P022,104
2026-08-23,S003,P019,71
2026-08-23,S003,P023,27
2026-08-23,S003,P024,31
2026-08-23,S003,P025,45
2026-08-23,S003,P026,57
2026-08-23,S003,P027,33
2026-08-23,S003,P028,70
2026-08-23,S003,P029,81
2026-08-23,S003,P030,71
2026-08-23,S003,P031,56
2026-08-23,S003,P032,88
2026-08-24,S001,P001,38
2026-08-24,S001,P002,24
2026-08-24,S001,P003,56
2026-08-24,S001,P004,75
2026-08-24,S001,P014,52
2026-08-24,S001,P015,37
2026-08-24,S001,P005,31
2026-08-24,S001,P006,73
2026-08-24,S001,P007,78
2026-08-24,S001,P008,410
2026-08-24,S001,P016,85
2026-08-24,S001,P009,75
2026-08-24,S001,P010,64
2026-08-24,S001,P011,88
2026-08-24,S001,P012,54
2026-08-24,S001,P017,23
2026-08-24,S001,P013,76
2026-08-24,S001,P018,67
2026-08-24,S001,P020,60
2026-08-24,S001,P021,78
2026-08-24,S001,P022,88
2026-08-24,S001,P019,31
2026-08-24,S001,P023,43
2026-08-24,S001,P024,40
2026-08-24,S001,P025,44
2026-08-24,S001,P026,73
2026-08-24,S001,P027,58
2026-08-24,S001,P028,53
2026-08-24,S001,P029,54
2026-08-24,S001,P030,113
2026-08-24,S001,P031,39
2026-08-24,S001,P032,24
2026-08-24,S002,P001,35
2026-08-24,S002,P002,52
2026-08-24,S002,P003,49
2026-08-24,S002,P004,52
2026-08-24,S002,P014,0
2026-08-24,S002,P015,25
2026-08-24,S002,P005,85
2026-08-24,S002,P006,60
2026-08-24,S002,P007,95
2026-08-24,S002,P008,63
2026-08-24,S002,P016,62
2026-08-24,S002,P009,55
2026-08-24,S002,P010,33
2026-08-24,S002,P011,33
2026-08-24,S002,P012,62
2026-08-24,S002,P017,79
2026-08-24,S002,P013,32
2026-08-24,S002,P018,45
2026-08-24,S002,P020,45
2026-08-24,S002,P021,118
2026-08-24,S002,P022,81
2026-08-24,S002,P019,88
2026-08-24,S002,P023,49
2026-08-24,S002,P024,68
2026-08-24,S002,P025,85
2026-08-24,S002,P026,58
2026-08-24,S002,P027,65
2026-08-24,S002,P028,68
2026-08-24,S002,P029,45
2026-08-24,S002,P030,92
2026-08-24,S002,P031,64
2026-08-24,S002,P032,47
2026-08-24,S003,P001,51
2026-08-24,S003,P002,38
2026-08-24,S003,P003,26
2026-08-24,S003,P004,56
2026-08-24,S003,P014,48
2026-08-24,S003,P015,35
2026-08-24,S003,P005,58
2026-08-24,S003,P006,46
2026-08-24,S003,P007,92
2026-08-24,S003,P008,68
2026-08-24,S003,P016,73
2026-08-24,S003,P009,81
2026-08-24,S003,P010,32
2026-08-24,S003,P011,89
2026-08-24,S003,P012,69
2026-08-24,S003,P017,69
2026-08-24,S003,P013,88
2026-08-24,S003,P018,56
2026-08-24,S003,P020,54
2026-08-24,S003,P021,99
2026-08-24,S003,P022,102
2026-08-24,S003,P019,69
2026-08-24,S003,P023,25
2026-08-24,S003,P024,30
2026-08-24,S003,P025,44
2026-08-24,S003,P026,55
2026-08-24,S003,P027,33
2026-08-24,S003,P028,67
2026-08-24,S003,P029,79
2026-08-24,S003,P030,68
2026-08-24,S003,P031,54
2026-08-24,S003,P032,84
2026-08-25,S001,P001,36
2026-08-25,S001,P002,23
2026-08-25,S001,P003,45
2026-08-25,S001,P004,74
2026-08-25,S001,P014,49
2026-08-25,S001,P015,33
2026-08-25,S001,P005,27
2026-08-25,S001,P006,65
2026-08-25,S001,P007,69
2026-08-25,S001,P008,406
2026-08-25,S001,P016,79
2026-08-25,S001,P009,65
2026-08-25,S001,P010,54
2026-08-25,S001,P011,83
2026-08-25,S001,P012,44
2026-08-25,S001,P017,56
2026-08-25,S001,P013,68
2026-08-25,S001,P018,62
2026-08-25,S001,P020,53
2026-08-25,S001,P021,73
2026-08-25,S001,P022,82
2026-08-25,S001,P019,26
2026-08-25,S001,P023,41
2026-08-25,S001,P024,39
2026-08-25,S001,P025,40
2026-08-25,S001,P026,72
2026-08-25,S001,P027,58
2026-08-25,S001,P028,51
2026-08-25,S001,P029,51
2026-08-25,S001,P030,111
2026-08-25,S001,P031,39
2026-08-25,S001,P032,23
2026-08-25,S002,P001,34
2026-08-25,S002,P002,51
2026-08-25,S002,P003,45
2026-08-25,S002,P004,49
2026-08-25,S002,P014,31
2026-08-25,S002,P015,25
2026-08-25,S002,P005,80
2026-08-25,S002,P006,55
2026-08-25,S002,P007,90
2026-08-25,S002,P008,103
2026-08-25,S002,P016,60
2026-08-25,S002,P009,50
2026-08-25,S002,P010,26
2026-08-25,S002,P011,27
2026-08-25,S002,P012,59
2026-08-25,S002,P017,73
2026-08-25,S002,P013,32
2026-08-25,S002,P018,41
2026-08-25,S002,P020,36
2026-08-25,S002,P021,115
2026-08-25,S002,P022,77
2026-08-25,S002,P019,87
2026-08-25,S002,P023,47
2026-08-25,S002,P024,67
2026-08-25,S002,P025,82
2026-08-25,S002,P026,57
2026-08-25,S002,P027,62
2026-08-25,S002,P028,64
2026-08-25,S002,P029,41
2026-08-25,S002,P030,90
2026-08-25,S002,P031,60
2026-08-25,S002,P032,41
2026-08-25,S003,P001,50
2026-08-25,S003,P002,37
2026-08-25,S003,P003,26
2026-08-25,S003,P004,55
2026-08-25,S003,P014,44
2026-08-25,S003,P015,33
2026-08-25,S003,P005,49
2026-08-25,S003,P006,42
2026-08-25,S003,P007,85
2026-08-25,S003,P008,63
2026-08-25,S003,P016,69
2026-08-25,S003,P009,78
2026-08-25,S003,P010,28
2026-08-25,S003,P011,85
2026-08-25,S003,P012,67
2026-08-25,S003,P017,63
2026-08-25,S003,P013,85
2026-08-25,S003,P018,54
2026-08-25,S003,P020,52
2026-08-25,S003,P021,95
2026-08-25,S003,P022,96
2026-08-25,S003,P019,68
2026-08-25,S003,P023,24
2026-08-25,S003,P024,28
2026-08-25,S003,P025,43
2026-08-25,S003,P026,55
2026-08-25,S003,P027,33
2026-08-25,S003,P028,63
2026-08-25,S003,P029,79
2026-08-25,S003,P030,66
2026-08-25,S003,P031,51
2026-08-25,S003,P032,83
2026-08-26,S001,P001,35
2026-08-26,S001,P002,21
2026-08-26,S001,P003,39
2026-08-26,S001,P004,71
2026-08-26,S001,P014,45
2026-08-26,S001,P015,31
2026-08-26,S001,P005,21
2026-08-26,S001,P006,58
2026-08-26,S001,P007,64
2026-08-26,S001,P008,403
2026-08-26,S001,P016,71
2026-08-26,S001,P009,60
2026-08-26,S001,P010,49
2026-08-26,S001,P011,78
2026-08-26,S001,P012,41
2026-08-26,S001,P017,50
2026-08-26,S001,P013,64
2026-08-26,S001,P018,59
2026-08-26,S001,P020,50
2026-08-26,S001,P021,66
2026-08-26,S001,P022,80
2026-08-26,S001,P019,21
2026-08-26,S001,P023,36
2026-08-26,S001,P024,37
2026-08-26,S001,P025,39
2026-08-26,S001,P026,70
2026-08-26,S001,P027,53
2026-08-26,S001,P028,48
2026-08-26,S001,P029,46
2026-08-26,S001,P030,111
2026-08-26,S001,P031,35
2026-08-26,S001,P032,19
2026-08-26,S002,P001,32
2026-08-26,S002,P002,48
2026-08-26,S002,P003,44
2026-08-26,S002,P004,48
2026-08-26,S002,P014,28
2026-08-26,S002,P015,24
2026-08-26,S002,P005,76
2026-08-26,S002,P006,50
2026-08-26,S002,P007,86
2026-08-26,S002,P008,101
2026-08-26,S002,P016,58
2026-08-26,S002,P009,42
2026-08-26,S002,P010,20
2026-08-26,S002,P011,23
2026-08-26,S002,P012,55
2026-08-26,S002,P017,70
2026-08-26,S002,P013,31
2026-08-26,S002,P018,38
2026-08-26,S002,P020,33
2026-08-26,S002,P021,111
2026-08-26,S002,P022,71
2026-08-26,S002,P019,87
2026-08-26,S002,P023,42
2026-08-26,S002,P024,64
2026-08-26,S002,P025,79
2026-08-26,S002,P026,56
2026-08-26,S002,P027,58
2026-08-26,S002,P028,61
2026-08-26,S002,P029,38
2026-08-26,S002,P030,87
2026-08-26,S002,P031,59
2026-08-26,S002,P032,40
2026-08-26,S003,P001,50
2026-08-26,S003,P002,36
2026-08-26,S003,P003,23
2026-08-26,S003,P004,53
2026-08-26,S003,P014,41
2026-08-26,S003,P015,32
2026-08-26,S003,P005,47
2026-08-26,S003,P006,40
2026-08-26,S003,P007,80
2026-08-26,S003,P008,58
2026-08-26,S003,P016,69
2026-08-26,S003,P009,73
2026-08-26,S003,P010,24
2026-08-26,S003,P011,81
2026-08-26,S003,P012,59
2026-08-26,S003,P017,60
2026-08-26,S003,P013,82
2026-08-26,S003,P018,52
2026-08-26,S003,P020,49
2026-08-26,S003,P021,92
2026-08-26,S003,P022,91
2026-08-26,S003,P019,59
2026-08-26,S003,P023,21
2026-08-26,S003,P024,25
2026-08-26,S003,P025,43
2026-08-26,S003,P026,53
2026-08-26,S003,P027,33
2026-08-26,S003,P028,61
2026-08-26,S003,P029,79
2026-08-26,S003,P030,64
2026-08-26,S003,P031,46
2026-08-26,S003,P032,80
2026-08-27,S001,P001,32
2026-08-27,S001,P002,19
2026-08-27,S001,P003,32
2026-08-27,S001,P004,68
2026-08-27,S001,P014,42
2026-08-27,S001,P015,26
2026-08-27,S001,P005,15
2026-08-27,S001,P006,51
2026-08-27,S001,P007,56
2026-08-27,S001,P008,396
2026-08-27,S001,P016,68
2026-08-27,S001,P009,54
2026-08-27,S001,P010,46
2026-08-27,S001,P011,71
2026-08-27,S001,P012,34
2026-08-27,S001,P017,44
2026-08-27,S001,P013,56
2026-08-27,S001,P018,55
2026-08-27,S001,P020,46
2026-08-27,S001,P021,63
2026-08-27,S001,P022,78
2026-08-27,S001,P019,13
2026-08-27,S001,P023,33
2026-08-27,S001,P024,32
2026-08-27,S001,P025,36
2026-08-27,S001,P026,67
2026-08-27,S001,P027,48
2026-08-27,S001,P028,44
2026-08-27,S001,P029,43
2026-08-27,S001,P030,107
2026-08-27,S001,P031,33
2026-08-27,S001,P032,18
2026-08-27,S002,P001,30
2026-08-27,S002,P002,44
2026-08-27,S002,P003,43
2026-08-27,S002,P004,48
2026-08-27,S002,P014,25
2026-08-27,S002,P015,23
2026-08-27,S002,P005,65
2026-08-27,S002,P006,44
2026-08-27,S002,P007,84
2026-08-27,S002,P008,92
2026-08-27,S002,P016,53
2026-08-27,S002,P009,34
2026-08-27,S002,P010,17
2026-08-27,S002,P011,15
2026-08-27,S002,P012,48
2026-08-27,S002,P017,66
2026-08-27,S002,P013,28
2026-08-27,S002,P018,33
2026-08-27,S002,P020,29
2026-08-27,S002,P021,110
2026-08-27,S002,P022,66
2026-08-27,S002,P019,87
2026-08-27,S002,P023,40
2026-08-27,S002,P024,56
2026-08-27,S002,P025,73
2026-08-27,S002,P026,53
2026-08-27,S002,P027,56
2026-08-27,S002,P028,60
2026-08-27,S002,P029,38
2026-08-27,S002,P030,85
2026-08-27,S002,P031,57
2026-08-27,S002,P032,38
2026-08-27,S003,P001,50
2026-08-27,S003,P002,33
2026-08-27,S003,P003,20
2026-08-27,S003,P004,52
2026-08-27,S003,P014,39
2026-08-27,S003,P015,31
2026-08-27,S003,P005,45
2026-08-27,S003,P006,37
2026-08-27,S003,P007,73
2026-08-27,S003,P008,47
2026-08-27,S003,P016,69
2026-08-27,S003,P009,68
2026-08-27,S003,P010,22
2026-08-27,S003,P011,78
2026-08-27,S003,P012,50
2026-08-27,S003,P017,55
2026-08-27,S003,P013,78
2026-08-27,S003,P018,46
2026-08-27,S003,P020,48
2026-08-27,S003,P021,88
2026-08-27,S003,P022,89
2026-08-27,S003,P019,58
2026-08-27,S003,P023,20
2026-08-27,S003,P024,25
2026-08-27,S003,P025,43
2026-08-27,S003,P026,52
2026-08-27,S003,P027,33
2026-08-27,S003,P028,59
2026-08-27,S003,P029,77
2026-08-27,S003,P030,61
2026-08-27,S003,P031,45
2026-08-27,S003,P032,77
2026-08-28,S001,P001,31
2026-08-28,S001,P002,17
2026-08-28,S001,P003,24
2026-08-28,S001,P004,68
2026-08-28,S001,P014,41
2026-08-28,S001,P015,24
2026-08-28,S001,P005,7
2026-08-28,S001,P006,46
2026-08-28,S001,P007,52
2026-08-28,S001,P008,393
2026-08-28,S001,P016,62
2026-08-28,S001,P009,52
2026-08-28,S001,P010,43
2026-08-28,S001,P011,66
2026-08-28,S001,P012,32
2026-08-28,S001,P017,41
2026-08-28,S001,P013,51
2026-08-28,S001,P018,53
2026-08-28,S001,P020,42
2026-08-28,S001,P021,58
2026-08-28,S001,P022,72
2026-08-28,S001,P019,10
2026-08-28,S001,P023,30
2026-08-28,S001,P024,30
2026-08-28,S001,P025,33
2026-08-28,S001,P026,59
2026-08-28,S001,P027,45
2026-08-28,S001,P028,42
2026-08-28,S001,P029,40
2026-08-28,S001,P030,105
2026-08-28,S001,P031,29
2026-08-28,S001,P032,11
2026-08-28,S002,P001,29
2026-08-28,S002,P002,41
2026-08-28,S002,P003,42
2026-08-28,S002,P004,47
2026-08-28,S002,P014,24
2026-08-28,S002,P015,22
2026-08-28,S002,P005,59
2026-08-28,S002,P006,37
2026-08-28,S002,P007,79
2026-08-28,S002,P008,90
2026-08-28,S002,P016,48
2026-08-28,S002,P009,30
2026-08-28,S002,P010,6
2026-08-28,S002,P011,10
2026-08-28,S002,P012,41
2026-08-28,S002,P017,61
2026-08-28,S002,P013,27
2026-08-28,S002,P018,30
2026-08-28,S002,P020,25
2026-08-28,S002,P021,106
2026-08-28,S002,P022,65
2026-08-28,S002,P019,84
2026-08-28,S002,P023,38
2026-08-28,S002,P024,54
2026-08-28,S002,P025,72
2026-08-28,S002,P026,52
2026-08-28,S002,P027,54
2026-08-28,S002,P028,56
2026-08-28,S002,P029,35
2026-08-28,S002,P030,82
2026-08-28,S002,P031,54
2026-08-28,S002,P032,35
2026-08-28,S003,P001,49
2026-08-28,S003,P002,32
2026-08-28,S003,P003,16
2026-08-28,S003,P004,51
2026-08-28,S003,P014,38
2026-08-28,S003,P015,28
2026-08-28,S003,P005,44
2026-08-28,S003,P006,34
2026-08-28,S003,P007,68
2026-08-28,S003,P008,43
2026-08-28,S003,P016,66
2026-08-28,S003,P009,64
2026-08-28,S003,P010,17
2026-08-28,S003,P011,70
2026-08-28,S003,P012,48
2026-08-28,S003,P017,54
2026-08-28,S003,P013,76
2026-08-28,S003,P018,41
2026-08-28,S003,P020,45
2026-08-28,S003,P021,85
2026-08-28,S003,P022,88
2026-08-28,S003,P019,55
2026-08-28,S003,P023,18
2026-08-28,S003,P024,22
2026-08-28,S003,P025,40
2026-08-28,S003,P026,50
2026-08-28,S003,P027,33
2026-08-28,S003,P028,57
2026-08-28,S003,P029,75
2026-08-28,S003,P030,56
2026-08-28,S003,P031,44
2026-08-28,S003,P032,77
2026-08-29,S001,P001,29
2026-08-29,S001,P002,14
2026-08-29,S001,P003,17
2026-08-29,S001,P004,63
2026-08-29,S001,P014,41
2026-08-29,S001,P015,22
2026-08-29,S001,P005,0
2026-08-29,S001,P006,39
2026-08-29,S001,P007,40
2026-08-29,S001,P008,389
2026-08-29,S001,P016,53
2026-08-29,S001,P009,43
2026-08-29,S001,P010,29
2026-08-29,S001,P011,58
2026-08-29,S001,P012,22
2026-08-29,S001,P017,35
2026-08-29,S001,P013,47
2026-08-29,S001,P018,50
2026-08-29,S001,P020,32
2026-08-29,S001,P021,52
2026-08-29,S001,P022,67
2026-08-29,S001,P019,6
2026-08-29,S001,P023,24
2026-08-29,S001,P024,26
2026-08-29,S001,P025,27
2026-08-29,S001,P026,55
2026-08-29,S001,P027,41
2026-08-29,S001,P028,32
2026-08-29,S001,P029,38
2026-08-29,S001,P030,100
2026-08-29,S001,P031,24
2026-08-29,S001,P032,9
2026-08-29,S002,P001,24
2026-08-29,S002,P002,38
2026-08-29,S002,P003,41
2026-08-29,S002,P004,44
2026-08-29,S002,P014,21
2026-08-29,S002,P015,20
2026-08-29,S002,P005,52
2026-08-29,S002,P006,28
2026-08-29,S002,P007,78
2026-08-29,S002,P008,87
2026-08-29,S002,P016,39
2026-08-29,S002,P009,25
2026-08-29,S002,P010,0
2026-08-29,S002,P011,0
2026-08-29,S002,P012,37
2026-08-29,S002,P017,54
2026-08-29,S002,P013,22
2026-08-29,S002,P018,21
2026-08-29,S002,P020,20
2026-08-29,S002,P021,101
2026-08-29,S002,P022,60
2026-08-29,S002,P019,84
2026-08-29,S002,P023,32
2026-08-29,S002,P024,50
2026-08-29,S002,P025,68
2026-08-29,S002,P026,50
2026-08-29,S002,P027,49
2026-08-29,S002,P028,51
2026-08-29,S002,P029,27
2026-08-29,S002,P030,77
2026-08-29,S002,P031,51
2026-08-29,S002,P032,34
2026-08-29,S003,P001,48
2026-08-29,S003,P002,31
2026-08-29,S003,P003,16
2026-08-29,S003,P004,49
2026-08-29,S003,P014,37
2026-08-29,S003,P015,26
2026-08-29,S003,P005,41
2026-08-29,S003,P006,30
2026-08-29,S003,P007,64
2026-08-29,S003,P008,41
2026-08-29,S003,P016,62
2026-08-29,S003,P009,54
2026-08-29,S003,P010,11
2026-08-29,S003,P011,69
2026-08-29,S003,P012,44
2026-08-29,S003,P017,48
2026-08-29,S003,P013,72
2026-08-29,S003,P018,39
2026-08-29,S003,P020,42
2026-08-29,S003,P021,80
2026-08-29,S003,P022,81
2026-08-29,S003,P019,49
2026-08-29,S003,P023,13
2026-08-29,S003,P024,18
2026-08-29,S003,P025,37
2026-08-29,S003,P026,48
2026-08-29,S003,P027,33
2026-08-29,S003,P028,52
2026-08-29,S003,P029,73
2026-08-29,S003,P030,52
2026-08-29,S003,P031,41
2026-08-29,S003,P032,77
2026-08-30,S001,P001,26
2026-08-30,S001,P002,12
2026-08-30,S001,P003,12
2026-08-30,S001,P004,60
2026-08-30,S001,P014,37
2026-08-30,S001,P015,19
2026-08-30,S001,P005,0
2026-08-30,S001,P006,31
2026-08-30,S001,P007,29
2026-08-30,S001,P008,386
2026-08-30,S001,P016,40
2026-08-30,S001,P009,37
2026-08-30,S001,P010,24
2026-08-30,S001,P011,47
2026-08-30,S001,P012,12
2026-08-30,S001,P017,28
2026-08-30,S001,P013,43
2026-08-30,S001,P018,44
2026-08-30,S001,P020,26
2026-08-30,S001,P021,47
2026-08-30,S001,P022,62
2026-08-30,S001,P019,0
2026-08-30,S001,P023,21
2026-08-30,S001,P024,19
2026-08-30,S001,P025,24
2026-08-30,S001,P026,51
2026-08-30,S001,P027,37
2026-08-30,S001,P028,30
2026-08-30,S001,P029,31
2026-08-30,S001,P030,96
2026-08-30,S001,P031,17
2026-08-30,S001,P032,6
2026-08-30,S002,P001,21
2026-08-30,S002,P002,36
2026-08-30,S002,P003,41
2026-08-30,S002,P004,42
2026-08-30,S002,P014,18
2026-08-30,S002,P015,19
2026-08-30,S002,P005,48
2026-08-30,S002,P006,19
2026-08-30,S002,P007,76
2026-08-30,S002,P008,84
2026-08-30,S002,P016,32
2026-08-30,S002,P009,22
2026-08-30,S002,P010,0
2026-08-30,S002,P011,0
2026-08-30,S002,P012,29
2026-08-30,S002,P017,48
2026-08-30,S002,P013,20
2026-08-30,S002,P018,15
2026-08-30,S002,P020,15
2026-08-30,S002,P021,96
2026-08-30,S002,P022,57
2026-08-30,S002,P019,80
2026-08-30,S002,P023,23
2026-08-30,S002,P024,45
2026-08-30,S002,P025,61
2026-08-30,S002,P026,47
2026-08-30,S002,P027,49
2026-08-30,S002,P028,48
2026-08-30,S002,P029,24
2026-08-30,S002,P030,75
2026-08-30,S002,P031,47
2026-08-30,S002,P032,31
2026-08-30,S003,P001,47
2026-08-30,S003,P002,29
2026-08-30,S003,P003,16
2026-08-30,S003,P004,44
2026-08-30,S003,P014,34
2026-08-30,S003,P015,23
2026-08-30,S003,P005,36
2026-08-30,S003,P006,24
2026-08-30,S003,P007,62
2026-08-30,S003,P008,35
2026-08-30,S003,P016,58
2026-08-30,S003,P009,50
2026-08-30,S003,P010,4
2026-08-30,S003,P011,59
2026-08-30,S003,P012,35
2026-08-30,S003,P017,40
2026-08-30,S003,P013,69
2026-08-30,S003,P018,35
2026-08-30,S003,P020,37
2026-08-30,S003,P021,77
2026-08-30,S003,P022,77
2026-08-30,S003,P019,44
2026-08-30,S003,P023,8
2026-08-30,S003,P024,14
2026-08-30,S003,P025,34
2026-08-30,S003,P026,46
2026-08-30,S003,P027,33
2026-08-30,S003,P028,50
2026-08-30,S003,P029,72
2026-08-30,S003,P030,50
2026-08-30,S003,P031,38
2026-08-30,S003,P032,74
2026-08-31,S001,P001,22
2026-08-31,S001,P002,12
2026-08-31,S001,P003,6
2026-08-31,S001,P004,53
2026-08-31,S001,P014,35
2026-08-31,S001,P015,18
2026-08-31,S001,P005,0
2026-08-31,S001,P006,25
2026-08-31,S001,P007,24
2026-08-31,S001,P008,420
2026-08-31,S001,P016,24
2026-08-31,S001,P009,31
2026-08-31,S001,P010,19
2026-08-31,S001,P011,41
2026-08-31,S001,P012,7
2026-08-31,S001,P017,23
2026-08-31,S001,P013,40
2026-08-31,S001,P018,41
2026-08-31,S001,P020,19
2026-08-31,S001,P021,45
2026-08-31,S001,P022,59
2026-08-31,S001,P019,0
2026-08-31,S001,P023,17
2026-08-31,S001,P024,16
2026-08-31,S001,P025,22
2026-08-31,S001,P026,49
2026-08-31,S001,P027,35
2026-08-31,S001,P028,24
2026-08-31,S001,P029,29
2026-08-31,S001,P030,96
2026-08-31,S001,P031,11
2026-08-31,S001,P032,4
2026-08-31,S002,P001,16
2026-08-31,S002,P002,35
2026-08-31,S002,P003,40
2026-08-31,S002,P004,40
2026-08-31,S002,P014,12
2026-08-31,S002,P015,15
2026-08-31,S002,P005,44
2026-08-31,S002,P006,14
2026-08-31,S002,P007,68
2026-08-31,S002,P008,80
2026-08-31,S002,P016,24
2026-08-31,S002,P009,13
2026-08-31,S002,P010,0
2026-08-31,S002,P011,0
2026-08-31,S002,P012,26
2026-08-31,S002,P017,42
2026-08-31,S002,P013,17
2026-08-31,S002,P018,12
2026-08-31,S002,P020,10
2026-08-31,S002,P021,93
2026-08-31,S002,P022,53
2026-08-31,S002,P019,78
2026-08-31,S002,P023,22
2026-08-31,S002,P024,42
2026-08-31,S002,P025,59
2026-08-31,S002,P026,46
2026-08-31,S002,P027,44
2026-08-31,S002,P028,47
2026-08-31,S002,P029,22
2026-08-31,S002,P030,69
2026-08-31,S002,P031,44
2026-08-31,S002,P032,29
2026-08-31,S003,P001,46
2026-08-31,S003,P002,28
2026-08-31,S003,P003,12
2026-08-31,S003,P004,42
2026-08-31,S003,P014,34
2026-08-31,S003,P015,22
2026-08-31,S003,P005,31
2026-08-31,S003,P006,23
2026-08-31,S003,P007,59
2026-08-31,S003,P008,32
2026-08-31,S003,P016,54
2026-08-31,S003,P009,46
2026-08-31,S003,P010,0
2026-08-31,S003,P011,55
2026-08-31,S003,P012,29
2026-08-31,S003,P017,35
2026-08-31,S003,P013,65
2026-08-31,S003,P018,34
2026-08-31,S003,P020,30
2026-08-31,S003,P021,75
2026-08-31,S003,P022,75
2026-08-31,S003,P019,43
2026-08-31,S003,P023,8
2026-08-31,S003,P024,11
2026-08-31,S003,P025,33
2026-08-31,S003,P026,43
2026-08-31,S003,P027,35
2026-08-31,S003,P028,49
2026-08-31,S003,P029,70
2026-08-31,S003,P030,45
2026-08-31,S003,P031,38
2026-08-31,S003,P032,68
